11th, 1
13th, 1
17, 6
1858, 1
1866, 1
1888i, 1
1890, 2
19th, 1
2000, 1
28th, 1
30000, 2
31st, 1
46, 1
515, 1
5th, 1
7th, 1
abandon, 1
abandoned, 2
abandoning, 1
abbots, 1
abels, 1
abhorrent, 1
able, 19
aboard, 1
abode, 4
abominable, 2
abominate, 1
abominated, 1
aboriginal, 1
about, 138
abouthowever, 1
above, 16
abraded, 1
abrahams, 1
abreast, 1
abroad, 2
abruptly, 2
absence, 3
absentminded, 1
absolute, 3
absolutely, 3
absorb, 1
absorbed, 1
absorbing, 2
absurd, 4
abundance, 1
abuse, 1
abutted, 2
accent, 3
accents, 1
accept, 1
accident, 1
accidents, 1
accommodated, 1
accompanied, 5
accomplice, 1
accomplices, 1
accomplish, 1
accomplished, 2
according, 3
accordingly, 2
account, 8
accountant, 1
accounts, 1
accurately, 1
accusations, 1
accuse, 1
accustomed, 5
achieved, 1
achievement, 1
achievements, 1
acid, 1
acknowledges, 1
acquaintance, 1
acquainted, 4
acquire, 1
acquired, 2
acquirement, 1
acquitted, 1
across, 21
action, 4
actions, 1
active, 2
activity, 2
actor, 1
actress, 1
actuality, 1
actually, 3
acute, 2
adamantine, 1
added, 12
adding, 1
addition, 1
address, 12
addressed, 3
addressing, 2
ades, 1
adhered, 1
adhesive, 1
adieu, 1
adjoining, 2
adjusted, 2
adler, 13
administrator, 1
admirable, 2
admirably, 3
admiration, 5
admit, 2
admitted, 1
ado, 1
adopted, 2
adoration, 1
adored, 2
adorning, 1
advanced, 1
advancement, 1
advancing, 2
advantage, 6
advantages, 1
adventure, 2
adventurer, 1
adventures, 4
adventuress, 1
adventurous, 2
adversity, 1
advertisement, 12
advertisementhow, 1
advice, 2
advise, 1
afeard, 1
affair, 3
affairs, 3
affect, 1
affection, 6
affectionate, 2
affects, 1
affghanistan, 1
affirmation, 1
affirmative, 1
afflicted, 1
afford, 4
afforded, 2
afore, 2
afraid, 12
africa, 1
african, 1
after, 72
afternoon, 16
afterwards, 6
again, 90
againben, 1
against, 37
age, 3
aged, 1
agelong, 1
agenbite, 1
agent, 7
ages, 3
aggregated, 1
agitated, 2
agitation, 2
ago, 13
agoing, 1
agonever, 1
agony, 3
agra, 1
agree, 3
agreeable, 2
agreed, 1
agriculture, 1
ah, 3
ahead, 1
ahoy, 1
aidesdecamp, 1
aint, 15
air, 16
airley, 1
airth, 2
airthe, 1
aisle, 1
ajar, 1
akin, 2
alacrity, 1
alarm, 8
alarmed, 1
alas, 3
albatross, 1
albert, 2
aldermen, 1
aldersgate, 1
algebra, 2
algy, 1
alike, 1
alive, 3
all, 46
alleghanian, 1
alley, 4
alleys, 1
allimportant, 3
allow, 5
allowed, 2
allthe, 1
alltheres, 1
allusion, 2
allusions, 1
almighty, 1
almost, 23
aloft, 3
alone, 14
along, 19
alongside, 1
aloof, 1
aloud, 1
already, 27
alright, 3
also, 25
altar, 3
altare, 1
alter, 2
altered, 1
alternately, 1
alternating, 1
although, 12
altogether, 4
always, 29
amassed, 1
amazed, 1
amazement, 1
amazing, 1
amazingly, 1
amber, 1
ambition, 2
ambitious, 1
ambuscade, 1
ameliorate, 1
amend, 1
amends, 1
america, 1
american, 5
amiable, 2
amiably, 1
amid, 3
amiss, 2
amnt, 1
among, 22
amor, 1
amount, 3
ample, 1
amply, 1
amusement, 1
anatomy, 1
ancestors, 2
anchor, 1
ancient, 4
and, 84
andirons, 1
anew, 2
angel, 4
angelic, 1
angels, 2
anger, 1
angle, 4
angry, 4
animal, 1
animated, 4
animation, 2
ankle, 1
ann, 1
anna, 2
announced, 2
announcement, 2
annoyance, 1
annoyed, 1
anon, 1
anonymous, 1
another, 28
answer, 21
answered, 38
answering, 1
antagonist, 1
antelope, 1
anticipations, 1
antics, 1
antique, 1
anxiety, 2
anxious, 4
anybody, 5
anybodywhacks, 1
anyhow, 1
anyone, 7
anything, 24
anyway, 3
anywhere, 1
apart, 4
apartment, 2
ape, 1
aperture, 1
apiece, 1
apologising, 1
apology, 1
apostles, 3
apostolic, 1
apostolicam, 1
appalling, 1
apparent, 1
apparently, 5
apparition, 4
appeals, 2
appear, 7
appearance, 5
appeared, 17
appears, 2
applauded, 1
applause, 1
apple, 7
applicant, 1
apply, 7
applying, 2
appointed, 1
appointment, 1
appreciate, 1
approach, 2
approached, 1
appropriate, 2
approve, 2
april, 1
aproned, 1
aquiline, 1
aquinas, 1
arcandcompass, 1
archangel, 5
arched, 1
archery, 1
arches, 1
archie, 1
architecture, 1
ardent, 2
ardently, 2
ardour, 2
ards, 1
arduous, 1
are, 21
area, 1
aready, 2
arent, 1
argos, 1
arguments, 1
aristotles, 1
arius, 1
arm, 6
armagh, 1
armchair, 6
armed, 2
armies, 2
armour, 1
armourlike, 1
arms, 15
armstrong, 4
armstrongs, 1
army, 4
arnolds, 1
arnsworth, 1
around, 16
aroused, 1
arranged, 2
arrangements, 1
arrantest, 1
array, 1
arrest, 2
arrive, 3
arrived, 6
arriving, 1
art, 3
arter, 1
arteries, 1
arthur, 1
artificial, 2
artist, 4
artists, 1
arts, 1
ascertaining, 2
asculum, 1
ashamed, 2
ashbox, 1
ashes, 6
ashore, 1
ashplant, 3
aside, 5
ask, 2
askance, 2
asked, 65
asks, 2
asleep, 3
aspect, 1
asphaltic, 1
assailed, 1
asserted, 1
assign, 1
assigned, 1
assist, 2
assistance, 1
assistant, 15
assistants, 2
assisting, 1
associated, 2
association, 1
assumed, 2
assuming, 1
assure, 3
assured, 1
assuring, 1
astern, 1
astonish, 2
astonished, 2
astonishing, 2
astonishment, 4
astounding, 1
astrakhan, 1
astride, 1
astronomer, 2
astuteness, 1
asunder, 1
aswimming, 3
ate, 1
athens, 1
athirst, 1
atkinson, 1
atmosphere, 5
atoned, 1
attached, 2
attachment, 3
attack, 1
attacked, 1
attain, 2
attempt, 5
attempted, 1
attempts, 3
attend, 1
attendant, 1
attended, 3
attending, 2
attends, 1
attention, 17
attentions, 1
attentively, 1
attica, 1
attires, 1
attitude, 3
attract, 2
attracted, 4
attraction, 1
attractive, 1
attracts, 1
attributed, 1
aubrey, 1
audacious, 1
august, 4
aunt, 25
aunts, 2
austere, 1
austria, 3
authenticity, 1
authoritative, 1
autumn, 2
avail, 1
avast, 1
avenue, 4
avenuesnorth, 1
average, 1
averroes, 1
averse, 1
averted, 1
avoid, 2
awaiting, 1
awaits, 1
awake, 1
awakened, 1
awaking, 1
aware, 11
away, 49
awful, 5
awhalin, 1
awhaling, 1
awhile, 6
awkward, 1
awkwardly, 1
awry, 1
awtake, 1
ba, 1
babes, 1
baby, 4
bachelor, 3
back, 93
backing, 2
backstairs, 1
backward, 3
backwards, 3
bad, 2
bade, 2
badly, 2
baffled, 1
bag, 5
bagged, 1
bagging, 1
baggy, 2
bags, 2
bah, 2
baited, 1
bakehouses, 1
baker, 9
balance, 2
balanced, 1
balancing, 3
bald, 1
ball, 2
ballad, 1
balls, 1
balmed, 1
balmy, 1
balustrades, 1
bamboozingly, 1
bandage, 3
bands, 2
bang, 1
banging, 1
banished, 1
banister, 2
bank, 9
banker, 1
bankersbook, 1
bankrupted, 1
banks, 1
bannon, 1
bannons, 1
bara, 1
barbacans, 1
barbaric, 1
barbarous, 1
bard, 3
bards, 2
bare, 1
barely, 1
bargain, 2
bargained, 1
barques, 1
barracks, 1
barrel, 2
barricade, 1
barroom, 1
barrow, 1
barwait, 1
barwhen, 1
base, 2
based, 1
bashful, 1
basin, 1
basis, 1
bathed, 2
bathtowel, 1
battery, 2
battle, 5
battles, 1
battling, 1
bawls, 1
bay, 3
be, 2
beach, 1
beads, 1
beam, 1
beamed, 1
beams, 1
bear, 8
beards, 1
bearing, 3
bears, 1
beastly, 3
beat, 4
beaten, 2
beating, 5
beaufort, 5
beauforts, 2
beauties, 2
beautiful, 3
beautifully, 2
beauty, 3
beaver, 1
became, 29
because, 39
beckoned, 1
become, 13
becomes, 3
becoming, 2
bed, 37
bedarned, 1
bedding, 1
bedfellow, 1
bedfellowa, 1
bedfellows, 1
bedford, 4
bedlam, 1
bedo, 1
bedpost, 1
bedrolling, 1
bedroom, 5
bedside, 2
bedstead, 1
bedtime, 1
bedwards, 1
beef, 3
been, 141
beer, 2
bees, 1
beetles, 1
befallen, 1
before, 95
began, 38
beget, 1
beggar, 2
beggars, 1
begging, 1
begin, 11
beginning, 4
begins, 1
begob, 1
beguiled, 1
begun, 2
behalf, 2
behaviour, 2
beheld, 2
behind, 29
behold, 4
behung, 1
being, 53
beldams, 1
belied, 1
belief, 3
believe, 15
believed, 4
believer, 3
believing, 1
bell, 10
bellpull, 2
bells, 3
belly, 2
belonged, 1
belonging, 3
belongs, 1
beloved, 3
below, 9
belshazzars, 1
belted, 1
belting, 1
bemused, 1
ben, 4
bench, 8
benches, 2
bend, 4
bending, 4
bends, 1
beneath, 7
benefactor, 2
benefit, 1
benefits, 1
benevolence, 2
benevolent, 4
benevolently, 1
bens, 1
bent, 9
bequest, 1
bermensch, 1
berries, 1
berths, 1
beryl, 1
beseeching, 1
beset, 1
beside, 9
besides, 13
besidesexcuse, 1
besmoked, 1
best, 9
bestow, 3
bestowed, 4
bestrode, 1
betrayed, 1
betrayer, 1
betrothal, 1
better, 42
bettertheir, 1
between, 27
bewitched, 1
beyond, 13
bible, 1
bidding, 1
bids, 1
bigger, 2
biggest, 1
bight, 1
bijou, 1
bile, 1
bill, 4
billet, 2
bills, 1
billy, 2
binding, 1
biographies, 1
biography, 1
bird, 3
birdairley, 1
birdcage, 1
birdlike, 1
birdsweet, 1
birth, 2
biscuit, 2
bit, 3
biting, 2
bitingly, 1
bitter, 6
bitterer, 1
bitterly, 3
bitterness, 1
bizarre, 2
black, 25
blackest, 1
blackish, 1
blackletter, 2
blackmailing, 1
blackness, 2
blackwood, 3
blakes, 1
blame, 2
blanc, 1
blanche, 1
blanco, 1
blandly, 2
blank, 4
blanket, 3
blankets, 1
blasphemous, 1
blasted, 1
blaze, 2
blazing, 2
bleaching, 1
bleak, 4
bleeding, 2
blended, 1
bless, 4
blessed, 4
blessing, 2
blessings, 2
blew, 1
blighted, 1
blind, 3
blindmansbuff, 1
blinds, 1
blinking, 2
blithe, 1
block, 2
blocked, 1
blocks, 1
blood, 9
bloodied, 1
bloodless, 1
bloodthirsty, 1
bloody, 3
bloom, 1
bloomed, 1
blossoms, 1
blot, 2
blottingpaper, 2
blow, 6
blowing, 5
blown, 1
blubbering, 1
blue, 12
blueeyed, 1
blunt, 1
blur, 1
board, 9
boarders, 1
boardfence, 1
boast, 3
boasted, 1
boat, 4
boatman, 2
bodies, 2
body, 31
bog, 1
boggy, 1
bogswamp, 1
bohemia, 8
bohemian, 3
boiled, 1
boisterous, 1
bold, 2
boldness, 1
bolted, 3
bolts, 1
bonds, 1
bone, 3
boneless, 1
bones, 2
bonesetter, 1
bonnet, 1
book, 10
bookies, 1
books, 6
boomed, 1
booming, 1
boots, 10
bootslitting, 1
bore, 5
born, 5
borne, 3
borrowed, 2
bosom, 1
bosoms, 1
boss, 8
bosss, 2
boswell, 1
both, 22
bother, 1
bottle, 1
bottleglass, 1
bottles, 1
bottom, 1
bought, 7
bounce, 1
bound, 14
boundless, 1
bowed, 3
bowels, 1
bowing, 1
bowl, 7
bows, 1
bowsprit, 1
bowsy, 1
boxes, 2
boy, 15
boyish, 2
boys, 19
brace, 1
bracelets, 2
braces, 1
brain, 2
brains, 1
brakes, 1
brambles, 1
branch, 3
branches, 1
branded, 1
brandy, 1
brass, 1
brassy, 1
brave, 2
brawn, 1
bray, 1
brazen, 2
brazier, 1
bread, 3
breadth, 1
break, 6
breakfast, 7
breakfastroom, 1
breakfasts, 1
breaking, 5
breakingup, 1
breaks, 2
breast, 5
breastbone, 1
breastpin, 1
breasts, 1
breastwork, 1
breath, 11
breathe, 1
breathes, 1
breathing, 4
breaths, 1
bred, 1
breeches, 1
breeks, 1
breeze, 2
breezes, 1
breezy, 2
breffni, 1
brewing, 1
brick, 2
bricks, 1
bride, 1
bridegroom, 1
bridge, 3
brief, 4
briefly, 2
bright, 12
brightest, 1
brightlooking, 1
brightly, 1
brightness, 5
brigs, 1
brilliant, 1
brilliantly, 1
brimful, 1
brimmers, 1
brimming, 1
brims, 1
bring, 12
bringing, 4
brings, 1
brink, 1
briony, 11
briskly, 3
bristling, 1
britannica, 2
british, 2
britisher, 1
broad, 9
broadbrimmed, 1
broadly, 1
broadwise, 1
brogues, 1
broiled, 3
broiling, 1
broke, 12
broken, 8
brooch, 1
brood, 4
brooding, 2
broom, 2
brother, 13
brothers, 3
brougham, 4
brought, 17
brow, 7
brown, 14
brows, 2
brush, 10
brushed, 1
brushing, 1
brutality, 1
buck, 73
bucket, 2
bucketi, 1
buckled, 1
buckles, 1
budge, 1
buffalo, 1
build, 1
building, 6
built, 4
bulge, 1
bulk, 3
bulkington, 3
bulky, 1
bull, 2
bulldog, 1
bullion, 2
bullock, 1
bullockbefriending, 1
bully, 1
bulwarks, 2
bump, 1
bundle, 1
bundled, 1
burden, 1
burglars, 1
burgled, 1
burial, 1
buried, 2
burned, 1
burning, 2
burnt, 4
burrowing, 2
burst, 3
bursting, 1
burying, 1
bushes, 1
busier, 1
business, 51
businesslike, 1
businessman, 2
businessshe, 1
bustles, 1
busy, 4
but, 41
butchers, 1
butlers, 1
butted, 1
butter, 1
butterboats, 1
buttercooler, 1
buttercups, 1
buttered, 2
butterly, 1
button, 3
buttoning, 2
buttons, 2
buys, 1
by, 3
byandby, 1
cab, 2
cabby, 1
cabin, 5
cabinet, 2
cable, 1
cabman, 2
cabs, 1
caesar, 2
caesars, 1
cahill, 2
cains, 1
cajoling, 1
calculated, 1
calendar, 1
calfs, 1
caliban, 1
call, 20
called, 32
calling, 5
calls, 5
calm, 8
calmed, 2
calmer, 1
calmly, 3
calmness, 1
calvary, 1
calves, 1
camden, 1
came, 62
camera, 1
campaign, 1
can, 11
candescent, 1
candid, 1
candidate, 1
candidates, 1
candle, 11
candles, 2
cannibal, 7
cannibals, 1
cannon, 1
cannot, 22
canoes, 1
cant, 29
canteen, 1
capable, 2
capacious, 1
cape, 5
capehorner, 1
capered, 1
capering, 1
capital, 1
capitulated, 1
caps, 2
captain, 5
captive, 1
captivity, 1
capture, 1
caravan, 1
card, 2
cardboard, 2
cardiff, 1
cards, 1
care, 16
cared, 2
career, 1
carefree, 1
careful, 6
carefully, 7
careless, 2
carelessly, 4
carelessness, 1
cares, 1
caress, 1
caresses, 1
caring, 1
carlisle, 1
carlsbad, 1
carol, 2
caroline, 2
carpenter, 1
carpenters, 1
carpet, 5
carpetbag, 2
carre, 1
carriage, 4
carriagebuilding, 1
carriages, 1
carried, 8
carries, 3
carry, 8
cars, 1
carte, 1
carted, 2
carthagethe, 1
carved, 1
case, 20
cases, 5
cashboxes, 1
cask, 1
casks, 1
cassandra, 1
casselfelstein, 1
casting, 1
castle, 1
casual, 1
casually, 1
cat, 3
cataract, 1
catarrhs, 1
catch, 4
catches, 1
catching, 1
catholic, 1
catholicam, 1
cato, 1
cats, 1
cattle, 4
cattledoctors, 1
cattletraders, 1
caught, 9
cause, 6
caused, 3
causes, 1
causing, 3
caustic, 1
caution, 1
cautious, 2
cautiously, 2
ceased, 4
ceasing, 1
celebrated, 2
celestial, 3
cell, 1
cellar, 11
cellardoor, 1
cellars, 1
cellarsomething, 1
celt, 1
cent, 1
central, 1
centre, 5
cents, 1
centuries, 1
cerebral, 1
ceremony, 1
certain, 3
certainly, 14
certainty, 1
certificates, 1
cest, 2
ceylon, 1
chagrin, 2
chain, 13
chains, 2
chair, 22
chairman, 2
chairs, 2
chalk, 1
chamber, 4
chambers, 3
chamois, 2
chance, 11
chanced, 1
chances, 1
change, 11
changed, 5
changenot, 1
channel, 2
chant, 3
chanted, 1
chaos, 2
chap, 6
chapbook, 1
chapel, 1
chapter, 7
character, 8
characteristically, 1
charge, 4
charing, 1
charitable, 2
charity, 2
charles, 1
charm, 1
charming, 2
chase, 4
chased, 2
chat, 1
chattering, 2
chchowwow, 1
cheap, 6
cheapest, 1
cheating, 1
cheats, 1
check, 1
checked, 1
checkered, 1
checkerwork, 1
cheek, 5
cheekbones, 1
cheeks, 4
cheer, 4
cheerful, 1
cheerfully, 1
cheeriest, 1
cheeriness, 1
cheerless, 1
cheese, 1
chemise, 1
chemistry, 1
cherish, 2
cherishing, 1
cheruba, 1
chest, 13
chewer, 1
chiding, 1
chief, 39
child, 15
childhood, 1
childish, 1
children, 2
childrens, 1
chill, 1
chilling, 1
chilly, 1
chimney, 3
chin, 6
china, 6
chinese, 1
chink, 2
chinks, 1
chips, 2
chisel, 1
choice, 3
choicest, 1
choke, 1
choked, 5
choose, 2
chords, 2
chorus, 1
chose, 3
chosen, 2
chow, 2
chowchchowchow, 1
chowowow, 1
christian, 5
christine, 1
christmas, 25
christs, 1
christy, 1
chronicle, 3
chrysostomos, 1
chubb, 1
chuck, 1
chucked, 1
chuckle, 1
chuckled, 3
church, 11
churches, 1
churchs, 1
churchyard, 1
cigarette, 4
cigars, 2
cigarshaped, 1
circle, 3
circles, 1
circlesfor, 1
circulation, 1
circumambulate, 1
circumdet, 2
circumstance, 2
circumstancefor, 1
circumstances, 7
circumstantial, 1
citified, 1
city, 16
civil, 2
clacking, 2
claim, 2
clam, 1
clammy, 1
clamour, 1
clanged, 1
clanked, 1
clanking, 1
clapped, 1
clapping, 1
clasped, 4
clasping, 1
classical, 1
classmates, 1
clattered, 1
claws, 1
clay, 8
clays, 1
clean, 5
cleancut, 1
cleanshaven, 1
cleanthats, 1
clear, 15
cleared, 2
clearer, 1
clearing, 3
clearly, 6
clearness, 1
cleft, 1
clemens, 1
clement, 1
clenched, 1
clergyman, 6
clerk, 45
clerks, 4
clever, 3
cleverness, 1
client, 10
clients, 1
cliff, 2
cliffs, 1
climate, 1
climb, 1
climbed, 2
climbing, 2
climes, 2
clinched, 1
clinging, 1
clinked, 1
clive, 2
cloak, 2
clock, 5
clocks, 1
clodding, 1
clods, 2
clongowes, 1
close, 9
closebuttoned, 1
closed, 13
closely, 3
closer, 1
closet, 3
closing, 3
cloth, 2
clothes, 10
clothing, 1
clotilde, 1
cloud, 4
cloudless, 1
clouds, 5
clove, 1
club, 1
clubs, 1
clue, 1
clues, 1
clumps, 1
clumsy, 1
clutched, 1
clutching, 1
co, 1
coach, 1
coachandsix, 1
coachhouse, 1
coachman, 3
coal, 1
coalbox, 1
coals, 1
coalsmoke, 1
coarse, 1
coarsely, 1
coast, 1
coasts, 1
coat, 8
coated, 1
coats, 2
coatskirts, 1
coatsleeve, 1
coattails, 1
cobblers, 1
cobblestonesso, 1
coburg, 3
cocaine, 1
cochrane, 3
cock, 1
cocked, 2
cockney, 1
cockpits, 1
coenties, 1
coffee, 6
cofferdam, 1
coffin, 5
coffinnail, 1
coffinspouterrather, 1
coil, 1
coin, 4
coins, 2
cold, 28
colder, 1
coldly, 4
colds, 1
collar, 7
colleague, 1
collect, 1
collecting, 1
collection, 3
collector, 1
colored, 1
colour, 10
colouring, 1
colours, 1
columbanus, 1
column, 2
columns, 1
combat, 1
combinations, 1
combined, 2
come, 81
comedies, 1
comely, 1
comeout, 1
comes, 9
comfort, 2
comfortable, 2
comforted, 1
comforter, 2
comforters, 1
comforts, 1
comical, 1
coming, 24
command, 1
commanders, 1
commence, 3
commenced, 3
commencement, 1
commended, 1
commerce, 2
commercial, 1
commit, 1
committed, 5
commodore, 2
common, 11
commonalty, 1
commonplace, 3
commonplaces, 1
communicate, 2
communicated, 4
communication, 3
communicative, 1
communion, 1
como, 1
companies, 1
companion, 7
companions, 3
company, 9
companyand, 1
compare, 2
compared, 2
comparing, 2
compassed, 1
compasses, 1
compassion, 1
compelled, 2
competition, 1
complain, 2
complained, 1
complaints, 2
complete, 4
completed, 2
completely, 9
complexion, 1
complexioned, 2
complicates, 1
complied, 1
compliment, 2
complimented, 1
comply, 1
composed, 2
composer, 1
composure, 1
comprehend, 1
comprehended, 2
comprehension, 2
comprehensive, 1
compromise, 1
compromised, 1
compromising, 1
compunction, 2
comrade, 1
comrades, 1
comyn, 3
conan, 1
conceal, 3
concealment, 1
concede, 1
conceits, 1
conceive, 3
concentration, 2
conception, 1
concern, 3
concerned, 3
concerning, 7
concernment, 1
concert, 1
concerts, 1
conciliating, 1
conclude, 1
concluded, 2
concluding, 1
conclusion, 5
conclusions, 2
condemned, 3
condescend, 2
condition, 3
conditions, 1
conduct, 5
conducted, 4
confer, 1
confess, 4
confessed, 1
confessing, 1
confession, 1
confessorum, 1
confidant, 1
confide, 2
confidence, 4
confident, 1
confidential, 1
confidently, 1
confined, 2
confiscated, 1
conflagration, 1
conflict, 2
confound, 1
confounded, 2
confronting, 1
confused, 3
confusion, 1
congealed, 2
congenial, 1
congo, 2
congratulate, 2
congratulated, 2
conjectures, 1
conjured, 1
connected, 2
connections, 1
conned, 1
connexion, 2
connolly, 1
conquer, 1
conquered, 1
conqueror, 1
conscience, 4
conscious, 2
consciousness, 3
consecrated, 1
consent, 4
consented, 2
consequential, 1
consequently, 1
conservatories, 1
consider, 3
considerable, 9
considerate, 1
considerateness, 1
consideration, 2
considerations, 2
considered, 4
considering, 2
consign, 1
consisted, 2
consistent, 1
consists, 2
consolation, 1
console, 1
conspiring, 1
constant, 3
constantly, 1
constituted, 1
constraint, 1
constructing, 1
construction, 1
construed, 1
consubstantiality, 1
consult, 2
consulted, 1
consulting, 1
consumptives, 1
contact, 2
containing, 1
contains, 1
contemplate, 1
contemplated, 2
contemplation, 2
contemplative, 1
contending, 1
content, 4
contented, 1
contentedly, 1
contest, 1
contested, 1
continent, 2
continental, 1
continually, 3
continue, 4
continued, 8
continuously, 1
contract, 1
contraction, 1
contracts, 1
contradict, 2
contradiction, 1
contraltohum, 1
contrary, 4
contrast, 4
contributed, 1
contributes, 1
contrived, 1
control, 2
controlled, 2
conundrums, 1
convenience, 2
convenient, 2
conventions, 1
conversation, 6
converse, 1
conversed, 2
conveyed, 3
conveys, 1
conviction, 2
convinced, 4
cook, 2
cooking, 1
cooks, 1
cookthough, 1
cool, 2
cooled, 1
coolest, 1
coolness, 2
cooperation, 1
copestone, 1
copied, 1
copier, 1
copies, 1
copper, 1
coppers, 1
copy, 6
copybook, 3
copying, 3
coral, 1
cord, 1
cordially, 2
cords, 1
core, 1
cored, 1
corkscrew, 1
corlears, 1
corncob, 1
corncobs, 1
corner, 19
corneranchored, 1
cornhill, 1
cornwall, 1
coronation, 3
corporation, 1
corpses, 2
corpsestrewn, 1
corpuscles, 1
correct, 1
corrections, 1
corridor, 4
cost, 3
costers, 1
costs, 1
costume, 2
cottage, 1
cottages, 1
couch, 3
couchant, 1
cough, 1
coughball, 1
coughed, 1
coughing, 1
coughs, 1
could, 135
couldnt, 12
counsellors, 1
count, 3
counted, 1
countenance, 5
counterpane, 1
counters, 1
countinghouse, 3
countinghousemark, 1
countries, 1
country, 17
countryin, 1
countrys, 1
counts, 1
couple, 5
couples, 1
courage, 5
courageous, 1
course, 23
court, 7
courteous, 1
courts, 1
cousin, 5
cousins, 1
covenant, 1
cover, 3
covered, 7
covers, 1
covet, 1
covetous, 1
coward, 2
cowries, 1
cowstable, 1
crack, 4
cracked, 4
cracking, 1
crackled, 1
cracks, 1
craft, 4
crafts, 1
crammed, 2
cranly, 1
cranlys, 1
crannies, 1
crate, 3
crates, 1
cravat, 1
craven, 1
crawsick, 1
crazy, 3
creak, 1
creaking, 1
creation, 3
creator, 1
creature, 8
creatures, 6
credentials, 2
credit, 1
creek, 2
crew, 3
crib, 2
cried, 36
cries, 3
crime, 5
crimes, 3
criminal, 3
criminals, 2
crockery, 1
crone, 1
crooked, 2
crop, 2
croppies, 1
cross, 3
crossed, 5
crosses, 1
crossing, 1
crosslights, 1
crouched, 2
crouching, 1
crowd, 6
crowded, 4
crowding, 1
crowds, 4
crown, 4
crowns, 2
crucial, 1
crucifix, 1
cruelly, 1
crumb, 1
crumbs, 1
crumpled, 1
crust, 1
crusted, 1
cry, 7
crying, 3
cryingmainly, 1
cubes, 1
cuckquean, 1
cuff, 1
cuffedge, 1
culled, 1
cultivated, 2
cultivation, 1
cunning, 2
cunningly, 1
cup, 2
cups, 3
curb, 1
curbstone, 2
cure, 1
cured, 3
curios, 1
curiosity, 10
curious, 3
curiously, 1
curled, 4
curling, 1
curls, 1
curran, 1
current, 2
curse, 2
cursed, 2
curt, 1
curtain, 1
curtains, 1
curtseyed, 1
curve, 2
custody, 1
custom, 2
customary, 1
cut, 1
cuts, 1
cylinders, 1
cyril, 1
czar, 1
dactyls, 1
daily, 2
daintiest, 1
daintily, 1
dainty, 1
dale, 1
dalkey, 1
damage, 1
damaging, 1
dame, 1
damme, 2
damn, 5
damned, 1
damp, 4
dancecards, 1
danced, 2
dancing, 2
dander, 1
danger, 7
dangerous, 5
dangers, 2
dangled, 1
dangling, 4
dank, 1
dare, 7
dared, 1
daresay, 1
daring, 7
dark, 38
darkened, 1
darkeyed, 1
darkleaved, 1
darklooking, 1
darkness, 10
darknesssuch, 1
darling, 1
darlington, 1
dart, 1
darted, 1
dash, 1
dashed, 2
dashing, 1
dasnt, 2
data, 3
date, 2
dated, 1
dateshaped, 1
dats, 1
daughter, 5
daughters, 2
dauntless, 2
david, 2
dawn, 1
day, 32
dayand, 1
daybreak, 1
daydreams, 2
daylight, 1
days, 17
dazzling, 1
dead, 27
deadest, 1
deaf, 1
deal, 8
dealings, 2
dear, 25
dearer, 2
dearly, 2
deasy, 35
death, 14
deathbed, 2
deathcold, 1
deathdamps, 1
deathharvesting, 1
deathspew, 1
debagged, 1
debel, 1
debt, 2
debts, 2
dec, 1
decanter, 1
decanters, 1
decay, 1
decaying, 1
deceased, 1
deceitfully, 1
deceived, 1
december, 2
decent, 2
deceptive, 1
decide, 1
decidedly, 2
decision, 2
deck, 7
decks, 1
decline, 1
declined, 1
decoction, 1
decrease, 1
decreased, 1
decreasing, 1
dedalus, 13
dedicated, 1
deduce, 5
deduction, 2
deed, 1
deeds, 1
deem, 1
deemed, 1
deep, 16
deeper, 3
deepest, 3
deepfor, 1
deeply, 7
deepness, 1
deepsea, 1
deeptoned, 1
defaced, 1
defeated, 1
defend, 2
deference, 2
definitely, 2
deformed, 2
deftly, 1
degree, 7
degrees, 2
dei, 1
deity, 1
dejected, 1
dejection, 1
delay, 2
delayed, 1
delectable, 1
deliberate, 1
deliberately, 1
deliberating, 1
delicacy, 3
delicate, 5
delicately, 1
delicious, 1
delight, 9
delighted, 1
delineate, 1
deliriums, 1
delivered, 2
deluge, 1
delusion, 1
demagogue, 1
demand, 3
demanded, 2
demands, 1
denote, 1
denounced, 1
dense, 2
denthe, 1
depart, 2
departed, 2
department, 2
departure, 1
depend, 3
depended, 3
depicted, 1
deplored, 1
depot, 1
depressed, 2
depressing, 1
deprived, 1
derbies, 1
derision, 1
derive, 2
derived, 1
descended, 2
descending, 2
describe, 2
described, 1
describing, 1
description, 2
desert, 1
deserted, 3
deserve, 1
design, 2
designed, 2
desirable, 1
desire, 8
desired, 2
desires, 2
desirous, 4
desk, 5
desks, 1
desolate, 1
desolation, 1
despair, 6
despairing, 1
desperate, 3
desperation, 1
despise, 2
despite, 5
destined, 2
destiny, 1
destitute, 1
destroyed, 3
destruction, 3
detached, 1
detail, 2
details, 1
detected, 1
detective, 2
determination, 1
determined, 6
dethroned, 1
detracts, 1
deuce, 2
deuced, 1
develop, 1
developed, 2
devices, 1
devil, 5
devised, 1
devoted, 3
devotee, 1
devouring, 1
dewsilky, 1
diabolically, 1
diamond, 1
dicers, 1
dick, 1
dickens, 1
dictates, 2
did, 13
didnt, 22
die, 4
died, 6
dieout, 1
dieu, 1
difference, 4
different, 8
differing, 1
difficult, 9
difficulties, 3
difficulty, 4
diffusing, 1
dignity, 1
dilapidated, 2
diligence, 3
diligent, 1
diligently, 1
diluted, 1
dim, 3
dimly, 1
dine, 1
dingdongdong, 2
dingy, 2
diningroom, 1
dinner, 3
dint, 1
dip, 2
diplomacy, 1
dipped, 2
direct, 3
direction, 7
directions, 4
directly, 1
director, 3
directors, 3
direful, 1
dirge, 1
dirt, 1
dirty, 2
disadvantage, 1
disagreement, 1
disappearance, 1
disappeared, 9
disappointed, 2
disappointment, 3
disappointments, 1
disarmed, 1
disarming, 1
disaster, 1
disasters, 1
discernment, 1
discharging, 1
disciples, 1
discipline, 2
disclose, 1
disconsolate, 1
discontent, 1
discordant, 1
discouraged, 1
discourtesy, 1
discover, 4
discovered, 8
discovering, 1
discovery, 4
discreetly, 1
discretion, 1
discriminating, 1
discuss, 1
disdain, 1
disease, 2
disentangled, 1
disesteemed, 1
disguise, 1
disguises, 2
disgust, 2
dish, 3
dishevelled, 1
dishonours, 1
disjointed, 1
disk, 1
dismal, 7
dismantled, 2
dismay, 3
dismayed, 1
dismissed, 2
dismounted, 1
disorder, 1
dispelled, 1
displeased, 1
displeasure, 1
disposed, 1
disposing, 1
disposition, 3
disqualify, 1
disreputable, 1
disrobed, 1
dissectingroom, 1
dissolved, 1
distance, 4
distant, 5
distaste, 1
distinct, 1
distinction, 3
distinctly, 1
distinguish, 2
distinguished, 2
distracted, 1
distracting, 2
distraction, 1
distributing, 1
district, 1
disturb, 1
disturbed, 2
disturbing, 2
disused, 1
dive, 1
dived, 1
divers, 1
divert, 1
diverted, 2
dives, 3
divided, 1
divine, 2
divinedin, 1
diving, 1
dizziness, 1
dmon, 1
do, 10
docketing, 1
docks, 1
doctor, 18
doctoras, 1
doctors, 1
doctrine, 1
does, 20
doesnt, 3
dogcollarbut, 1
dogdays, 1
dogma, 1
dogs, 6
dogsbody, 2
dogthe, 1
doing, 10
doings, 1
dolls, 1
dome, 1
domed, 2
dominion, 1
done, 33
donna, 1
dont, 78
donthe, 1
doom, 1
doomed, 1
door, 94
doorknob, 1
doormat, 1
doornail, 3
doors, 7
doorstep, 1
doorway, 10
doorways, 1
doting, 1
dotings, 1
dottyville, 1
double, 9
doublebreasted, 1
doubleedged, 1
doubleironed, 1
doublelocked, 2
doubt, 21
doubtfully, 1
doubting, 1
doubtless, 4
doubts, 1
doughnut, 1
down, 141
downstairs, 1
downtown, 1
downwards, 1
doyle, 1
doze, 1
dozen, 4
drab, 2
dragging, 3
dragon, 1
drained, 1
drank, 1
draught, 3
draw, 3
drawer, 1
drawers, 4
drawing, 5
drawingroom, 2
drawn, 5
dread, 1
dreadful, 5
dreadfully, 4
dreading, 1
dreadnaught, 1
dream, 4
dreamiest, 1
dreaming, 1
dreams, 3
dreamy, 3
dreary, 4
drenched, 2
dress, 6
dressed, 11
dressing, 1
dressinggown, 3
drew, 11
dried, 1
drifted, 2
drily, 1
drink, 5
drinking, 1
drinks, 2
dripped, 1
drive, 9
driven, 2
driver, 1
drives, 1
driving, 3
drizzly, 1
drone, 1
droned, 1
drooping, 1
drop, 5
droplets, 1
dropped, 5
dropping, 1
drops, 1
dross, 1
drove, 8
drowned, 3
drowning, 1
drowsiness, 1
drowsing, 1
drug, 1
drugcreated, 1
druids, 1
druidy, 1
drum, 2
drunk, 3
drunken, 1
drunkenlooking, 1
druther, 1
dryly, 1
dual, 1
dubious, 1
dubiouslooking, 1
dublin, 4
dugs, 1
duke, 4
dull, 10
duly, 1
dumplings, 4
duncan, 7
dundrum, 1
dungeons, 1
dunstan, 1
during, 13
dusk, 1
duskier, 1
dusky, 1
dust, 4
dusting, 1
dusty, 2
dutch, 2
duties, 4
duty, 6
dwell, 1
dying, 5
each, 21
eager, 2
eagerly, 3
eagerness, 3
ear, 5
earlier, 4
early, 8
earn, 5
earned, 1
earnest, 1
earnestly, 3
earnestness, 1
earning, 1
earrings, 1
ears, 5
earth, 9
earthly, 2
earthsmelling, 1
ease, 4
easily, 12
east, 2
easterly, 1
easy, 9
eat, 1
eaten, 1
eating, 4
eats, 2
ebenezer, 2
ebony, 1
eccentricities, 1
ecclesiam, 1
echo, 1
echoed, 1
echoes, 2
eclipses, 1
ecstasies, 2
edge, 6
edged, 1
edges, 5
edgeware, 2
edith, 1
editions, 1
editors, 1
education, 1
edward, 2
effect, 4
effectadded, 1
effected, 1
effective, 1
effects, 3
effectual, 1
effort, 10
efforts, 2
effusions, 1
effusive, 1
eg, 1
eggs, 2
eglonitzhere, 1
eglow, 1
egria, 1
egyptians, 1
eider, 1
eight, 9
either, 12
ejaculated, 1
elaborate, 1
elaborately, 1
elapsed, 1
elastic, 1
elbow, 5
elbowed, 2
elder, 1
elderly, 3
eldest, 3
election, 1
elegant, 1
element, 2
elemental, 1
elementsits, 1
elevates, 2
elevating, 1
eleven, 3
elfin, 1
eligible, 2
elizabeth, 4
eloquence, 1
else, 21
elsewhere, 1
elsinore, 1
em, 1
emaciated, 1
embalmed, 1
embargo, 1
embark, 3
embarkation, 1
embarks, 1
embarrassed, 1
embarrassing, 1
embattled, 1
embellish, 1
embraced, 1
embroidered, 1
emerald, 1
emerged, 4
emergencies, 1
emigrant, 1
eminence, 1
emirs, 1
emotion, 6
emotions, 1
emperors, 1
emphatically, 1
empire, 1
employ, 1
employed, 3
employees, 2
employer, 3
employers, 1
employing, 1
employment, 1
employs, 2
emptied, 1
empty, 5
enable, 1
enchanting, 1
enclosure, 1
encompassed, 1
encounter, 3
encouraged, 1
encouraging, 1
encyclopdia, 4
end, 13
endeavored, 1
endeavour, 3
endeavoured, 2
endeavouring, 3
endeavours, 1
ended, 2
endless, 3
endowed, 1
endowments, 1
ends, 1
endure, 1
endured, 2
enemy, 2
enemys, 3
energetic, 2
energy, 5
engage, 2
engaged, 8
engaging, 1
enginebells, 1
engines, 1
england, 13
englands, 1
english, 10
englishman, 3
englishmans, 1
engrossed, 1
enjoy, 3
enjoyment, 1
ennui, 1
enormous, 3
enough, 49
enoughand, 1
enquiries, 2
enshrouded, 1
entailed, 1
entangled, 1
enter, 6
entered, 13
entering, 6
enterprise, 6
enterprises, 1
enters, 1
entertaining, 1
entertainment, 1
enthusiasm, 5
enthusiastic, 1
enticement, 1
enticements, 1
entire, 4
entirely, 5
entitled, 1
entitles, 1
entrance, 5
entranced, 1
entreated, 2
entreaty, 1
entrusted, 1
entry, 7
enunciating, 1
enveloped, 2
envy, 1
enwrapped, 1
epi, 1
epistle, 1
equal, 1
equalled, 2
equally, 2
equator, 1
equine, 1
erase, 1
erect, 2
error, 1
errors, 2
eruption, 1
escape, 3
escaped, 2
escaping, 1
especially, 10
esq, 1
essential, 1
established, 1
establishment, 1
establishments, 1
eternal, 1
eternity, 1
ethel, 1
etiquette, 2
eton, 1
euroclydon, 5
europe, 3
european, 3
evanescent, 1
eve, 1
even, 52
evening, 14
evenings, 3
evenly, 1
event, 4
events, 3
eventual, 1
eventually, 2
eveold, 1
ever, 46
everlasting, 2
evervaried, 1
every, 64
everybody, 1
everyday, 1
everyone, 2
everything, 11
everywhere, 1
eves, 1
evidence, 5
evident, 1
evidently, 3
evil, 7
evils, 1
evinced, 1
exact, 1
exactly, 6
exactness, 1
exaggerated, 1
exalted, 2
examine, 1
examined, 6
examining, 1
example, 4
exasperated, 1
exasperating, 1
exceedingly, 3
excellent, 5
except, 6
exceptionally, 1
excess, 1
excessive, 2
exchange, 3
exchanged, 2
excipiat, 1
excite, 1
excited, 3
excitedly, 2
excitement, 3
excites, 1
exciting, 1
exclaim, 2
exclaimed, 3
excursion, 1
excuse, 9
excuses, 1
execute, 1
executing, 1
execution, 1
executor, 1
exercise, 2
exercised, 1
exerted, 1
exertion, 1
exhausted, 1
exhibited, 1
exhibiting, 1
exist, 1
existence, 4
exotic, 1
expect, 5
expectancy, 1
expectant, 1
expectation, 1
expectations, 1
expected, 12
expects, 1
expedition, 4
expeditions, 2
expenditure, 1
expense, 1
expenses, 1
expensive, 3
experience, 5
experienced, 2
experiences, 1
experiment, 1
expire, 1
explain, 4
explained, 4
explaining, 2
explanation, 5
explore, 2
exposing, 1
expostulating, 1
exposure, 1
express, 1
expressed, 2
expression, 8
expressive, 2
extantit, 1
extended, 2
extending, 1
extensive, 1
external, 1
extinguished, 2
extinguishing, 1
extra, 1
extract, 1
extraordinary, 8
extreme, 6
extremely, 1
extremest, 1
extremity, 1
exultation, 1
eye, 7
eyebrows, 1
eyeing, 1
eyes, 70
eying, 1
ezekiah, 2
fabled, 2
facade, 1
face, 64
faced, 3
faces, 5
facetious, 1
facility, 1
fact, 16
factor, 2
facts, 5
faculties, 2
faded, 7
fads, 1
fagged, 1
fail, 6
failed, 3
failing, 2
failure, 3
failures, 1
fain, 2
faint, 4
fainted, 1
faintly, 4
fair, 9
faire, 1
fairer, 2
fairly, 2
faithful, 1
faithfully, 1
faithless, 1
fall, 9
fallen, 3
falling, 7
false, 5
faltered, 1
faltering, 1
familiar, 6
familiarity, 1
familiarly, 1
families, 2
family, 12
famine, 2
famous, 1
fancied, 1
fancies, 1
fancy, 10
fancying, 1
fanning, 1
fantastic, 2
farcesthough, 1
fare, 4
farewell, 2
farm, 1
farrago, 1
farreaching, 1
farrington, 1
farther, 2
fascinated, 1
fashion, 4
fast, 5
fastened, 1
fasteners, 1
faster, 1
fastidious, 1
fatal, 2
fate, 4
fatencircled, 1
fates, 2
father, 48
fathers, 5
fathom, 1
fathoms, 2
fatigue, 1
fatigues, 1
fault, 2
faults, 2
faulty, 1
favour, 4
favourable, 2
favourite, 2
fear, 10
feared, 2
fearful, 2
fearing, 1
fears, 1
feather, 1
featherbeds, 1
featherfans, 1
featureless, 1
features, 6
feeding, 1
feegees, 1
feel, 26
feelers, 1
feeling, 9
feelings, 5
feels, 2
fees, 1
feet, 15
felicity, 1
fell, 20
fellow, 13
fellowbeings, 1
fellowmen, 1
fellowpassengers, 1
fellows, 1
felt, 25
feminine, 1
fence, 16
fenceright, 1
fenians, 1
fergus, 2
ferns, 1
ferocious, 1
ferrule, 1
fervent, 2
fervour, 1
festive, 1
fetch, 2
fetched, 1
fetching, 1
fettered, 2
fever, 1
fibres, 1
field, 10
fields, 1
fierce, 2
fiercely, 1
fiery, 4
fifteen, 5
fifty, 6
fiftyfive, 1
fight, 6
fighting, 2
figrolls, 1
figure, 5
figures, 3
filii, 1
fill, 3
filled, 10
fillibegs, 1
fills, 3
film, 1
filthy, 1
final, 3
finally, 14
finance, 1
financial, 1
find, 25
finding, 4
finds, 1
fine, 7
fined, 1
finely, 1
finery, 1
finest, 1
finger, 5
fingernails, 1
fingers, 13
fingertips, 1
finical, 1
finish, 2
finished, 3
fins, 1
fire, 28
fireboard, 2
firecrackers, 1
fireguard, 1
firelight, 1
fireplace, 5
fireplaces, 1
firing, 1
firm, 7
firmly, 1
firmness, 1
first, 67
fish, 3
fishbaskets, 1
fisher, 1
fishes, 2
fishgods, 1
fist, 1
fists, 3
fits, 1
fitted, 2
five, 18
fix, 1
fixed, 8
fixedly, 1
flagged, 1
flags, 1
flame, 3
flamecoloured, 2
flaming, 3
flank, 1
flapping, 1
flaring, 2
flash, 3
flashed, 1
flashing, 1
flasks, 1
flat, 5
flattened, 1
flattered, 1
flaubert, 1
flavor, 1
flecks, 1
fled, 4
fleeing, 1
fleet, 2
flesh, 2
flew, 5
flickering, 1
flight, 6
flint, 1
flinty, 1
flirting, 1
float, 1
floated, 7
floating, 2
floodgates, 1
floor, 21
floors, 1
floridfaced, 1
florin, 1
floundering, 1
flourish, 2
flourishing, 2
flourishings, 1
flow, 2
flowed, 1
flower, 4
flowers, 2
flowery, 1
flowing, 1
fluctuate, 1
fluid, 1
flukes, 1
flukesits, 1
flung, 6
flurried, 1
flush, 1
flushed, 2
flushing, 1
fluttered, 2
fluttering, 1
flying, 4
foes, 1
fog, 1
fogey, 1
foggier, 1
foggy, 1
foil, 1
folded, 4
folding, 1
foldings, 1
folds, 2
folk, 5
folks, 1
follow, 7
followed, 19
following, 6
follows, 1
folly, 1
fond, 2
fondness, 2
food, 4
fool, 1
foolin, 1
fooling, 2
foolish, 1
foolishness, 1
fools, 4
foolscap, 2
foot, 18
footfall, 1
footpads, 1
footpaths, 1
footsteps, 1
for, 19
forbade, 1
forbear, 1
forbearance, 1
forbidden, 2
force, 5
forced, 1
forcing, 1
forearm, 1
forebodings, 1
forecastle, 3
forefinger, 4
forehead, 6
foreign, 1
foresee, 1
forestalled, 1
foretaste, 1
forever, 1
forfeit, 1
forged, 1
forger, 1
forgery, 1
forget, 5
forgetting, 1
forgive, 2
forgiving, 2
forgot, 1
forgotten, 8
fork, 1
forlorn, 1
form, 11
formed, 3
former, 5
formerly, 2
formidable, 5
forms, 3
forsid, 1
forth, 7
forthstepped, 1
fortitude, 1
fortnight, 1
fortunate, 5
fortunately, 1
fortune, 6
fortunes, 2
forty, 2
fortyfoot, 2
forward, 16
forwards, 3
foster, 1
fosterage, 1
fought, 1
foul, 1
found, 35
founded, 1
fountain, 1
four, 19
fourhorse, 1
fourpence, 1
fourteen, 2
fourth, 2
fowl, 1
fowlsthough, 1
fox, 1
fragment, 3
fragments, 1
fragrance, 1
fraid, 1
frail, 1
frame, 4
framed, 1
france, 2
frank, 1
frankenstein, 1
frankly, 2
franz, 1
fraud, 1
frayed, 1
fraying, 1
fred, 1
free, 12
freed, 2
freedom, 2
freely, 2
freemason, 1
freemasonry, 2
freewill, 1
freezing, 1
frementi, 1
french, 6
frenchman, 1
frenzy, 1
frequent, 1
frequently, 4
fresh, 9
freshcrowned, 1
freshened, 1
fretsaw, 1
fretted, 1
friday, 2
fried, 1
friend, 28
friendly, 5
friends, 6
friendship, 3
frightened, 1
frightful, 2
fro, 1
frock, 1
frockcoat, 2
frogs, 1
frogwise, 1
from, 307
front, 19
frontiers, 1
fronts, 1
frost, 10
frosted, 1
frosty, 2
frowned, 4
froze, 3
frozen, 5
frybut, 1
fuel, 1
fulfilled, 2
full, 20
fullnot, 1
fulltoned, 1
fumbled, 1
fumbling, 2
fumes, 1
functioning, 1
functions, 1
fund, 4
funeral, 3
funk, 1
funny, 5
fur, 2
furiously, 1
furnish, 2
furnished, 2
furniture, 3
furniturerattling, 1
fursa, 1
further, 6
furtherance, 1
furtive, 1
fuss, 1
fussily, 1
futile, 1
futility, 1
future, 7
g, 1
gabble, 1
gabbled, 1
gabbling, 1
gableended, 2
gabriel, 1
gaelic, 1
gaiety, 2
gaily, 3
gain, 2
gained, 1
gait, 3
gaitered, 2
galeits, 1
gales, 2
gallant, 1
gals, 1
galway, 1
game, 3
gang, 1
gaping, 2
garden, 4
gardena, 1
gardener, 2
garish, 1
garland, 1
garments, 2
garret, 1
gash, 1
gaslamps, 1
gaslit, 1
gasogene, 1
gaspipes, 1
gate, 7
gateway, 1
gather, 2
gathered, 4
gathering, 3
gaud, 1
gaugecocks, 1
gave, 21
gaze, 6
gazed, 7
gazetteer, 1
gazing, 2
geeminy, 1
geese, 1
gemmed, 1
general, 9
generally, 6
generation, 1
generations, 1
generous, 3
geneva, 1
genevese, 1
genevieve, 1
genitive, 1
genius, 1
genteel, 1
gentile, 1
gentiles, 1
gentle, 8
gentleman, 21
gentlemans, 1
gentlemen, 8
gentleness, 1
gently, 6
gents, 1
genuine, 1
george, 1
german, 8
germanspeaking, 1
germany, 1
gerty, 1
gesellschaft, 1
gesture, 3
gestures, 2
get, 2
gets, 3
gettee, 1
getting, 14
ghastly, 1
ghost, 31
ghostcandle, 1
ghostly, 3
ghosts, 2
ghoststory, 1
ghoul, 1
gibe, 1
giddy, 1
gift, 1
gifts, 1
gigantic, 3
gilded, 2
gilt, 1
gimme, 1
gipsy, 1
girded, 1
girl, 11
girls, 2
give, 38
given, 8
gives, 2
giving, 8
glad, 7
gladly, 1
gladness, 1
gladsome, 1
glance, 4
glanced, 6
glances, 3
glancing, 5
glare, 1
glass, 12
glasses, 4
glassfactories, 1
glassthe, 1
glazed, 1
glazier, 1
glazing, 1
gleam, 1
glee, 1
glim, 1
glimmer, 1
glimpse, 4
glimpses, 1
glint, 1
glistened, 1
glistening, 2
glittering, 2
glitters, 1
globe, 1
gloom, 6
gloomily, 2
gloomy, 3
glorious, 3
glory, 7
glorying, 1
gloves, 1
glow, 4
glowering, 1
glowing, 1
glowlamps, 1
gnashes, 1
gnawed, 2
go, 1
goal, 3
goats, 1
goblets, 1
goblins, 1
god, 19
godfrey, 5
gods, 5
godwin, 1
goes, 7
goggling, 1
goin, 3
going, 31
gold, 8
golden, 1
goldskinned, 1
gomorrah, 1
gone, 21
gonone, 1
good, 90
goodbye, 5
goodday, 1
goodfortune, 1
goodness, 5
goodnight, 4
goose, 1
gorescarred, 1
gospel, 1
gossip, 1
got, 1
gothic, 1
gottsreich, 1
governments, 1
gown, 2
gowned, 1
grabs, 1
grace, 2
graceless, 1
gracelessness, 1
gradually, 4
grain, 1
grained, 1
grampuss, 1
grand, 7
grandfather, 3
grandmother, 1
grandson, 1
granite, 1
grant, 2
grapnels, 1
grasp, 3
grasping, 3
grass, 3
grasses, 1
grasshalms, 1
grasshopper, 1
grate, 1
gratification, 1
gratified, 2
grating, 3
gratitude, 3
grave, 6
graveclothes, 2
gravel, 2
gravely, 6
graver, 1
gravy, 1
gray, 1
grease, 1
great, 42
greatcoat, 3
greater, 3
greatest, 8
greatly, 3
greed, 1
greek, 1
greeks, 3
green, 12
greenland, 1
greeting, 3
greetings, 1
grego, 3
gregor, 71
gregors, 14
grete, 2
grew, 3
grey, 8
greyblack, 1
grief, 8
griefs, 1
grievance, 1
grieved, 1
grieving, 1
grim, 3
grin, 2
grindstone, 1
grinning, 3
gripped, 1
grit, 1
groan, 2
groaned, 1
groaning, 1
grocers, 1
grogan, 2
grogans, 1
groom, 2
grope, 1
gross, 1
grotesque, 2
ground, 12
groundless, 1
groundwork, 1
group, 1
grow, 4
growing, 2
growl, 1
growled, 3
grown, 2
growth, 1
grub, 1
gruel, 2
gruff, 3
grunt, 1
guardedly, 1
guardian, 1
guardians, 1
guardianship, 1
guardsmen, 3
guess, 4
guessed, 1
guest, 3
guidance, 1
guide, 1
guided, 2
guile, 1
guilty, 1
guinea, 6
guineas, 3
guise, 1
gulfstream, 1
gulp, 1
guncase, 1
gunrest, 4
gurgling, 2
gush, 1
gushed, 1
gustave, 1
guts, 2
guttural, 2
gwine, 1
gymnastic, 1
ha, 1
habit, 6
habitable, 1
habits, 2
hacked, 1
hacking, 1
had, 1
hadnt, 5
hags, 1
hail, 1
hailed, 1
hailstorm, 1
haines, 45
hainess, 2
haint, 1
hair, 31
haled, 1
half, 37
halfacrown, 1
halfadozen, 1
halfandhalf, 1
halfattained, 1
halfbrother, 1
halfbuttoned, 1
halfclothed, 1
halfcrowns, 1
halfdragged, 1
halffoundered, 1
halfpast, 1
halfway, 3
hall, 14
halliday, 1
halo, 1
halt, 1
halted, 8
halting, 2
halves, 1
hamlet, 2
hamlets, 3
hammered, 1
hammock, 4
hamper, 1
hand, 60
handbook, 1
handcuffs, 1
handed, 3
handful, 2
handfuls, 1
handkerchief, 4
handle, 4
hands, 44
handsome, 3
handsomely, 1
handsoyou, 1
handy, 5
hang, 3
hanging, 4
hankeys, 1
hanninen, 1
hansom, 2
hansoms, 1
happen, 8
happened, 13
happening, 1
happier, 1
happiest, 1
happily, 1
happiness, 6
happy, 7
harbour, 2
harbourmouth, 1
hard, 24
hardened, 1
harder, 5
hardfought, 1
hardicanutes, 1
hardly, 14
hardship, 1
hardy, 1
hare, 1
harlots, 1
harm, 4
harmful, 1
harmony, 3
harness, 2
harper, 1
harpoon, 2
harpooneer, 31
harpooneeri, 1
harpooneers, 4
harpoons, 2
harpoonsbut, 1
harpoonso, 1
harpstrings, 1
harrowing, 1
harry, 1
harsh, 1
harshly, 2
hasnt, 1
haste, 3
hastened, 2
hastier, 1
hastily, 1
hastings, 1
hasty, 2
hat, 4
hata, 1
hate, 1
hateful, 1
hates, 2
hats, 3
hatwhen, 1
hauling, 1
haunted, 2
haunts, 1
have, 364
havent, 2
having, 30
hawklike, 1
hazard, 1
hazy, 1
head, 76
heada, 1
headboard, 1
headland, 2
headline, 2
headnone, 1
headpeddler, 1
headpeddling, 2
headquarters, 1
heads, 15
headsmines, 1
headway, 2
headwhat, 1
healing, 1
health, 2
healthy, 2
heap, 2
heaped, 3
hear, 35
heard, 49
hearer, 1
hearing, 8
hears, 1
hearse, 2
heart, 29
hearth, 1
heartily, 2
heartor, 1
hearts, 3
heat, 3
heated, 1
heath, 1
heathen, 1
heathenish, 1
heathits, 1
heave, 1
heaved, 1
heaven, 12
heavenly, 1
heavens, 3
heavensent, 1
heavier, 1
heaviest, 1
heavily, 5
heaving, 1
heavy, 17
hebrew, 1
hecla, 1
hed, 1
hedoes, 1
heel, 2
heels, 3
hefty, 1
height, 4
held, 29
helen, 1
hell, 8
hellenic, 1
hellenise, 1
hello, 1
help, 24
helped, 2
helper, 1
helpless, 2
helplessly, 1
hence, 1
henry, 1
her, 28
hercules, 1
here, 69
hereditary, 2
herefeeling, 1
hereno, 1
heres, 4
heresiarch, 1
heresiarchs, 1
heresies, 1
hereyou, 1
herman, 1
hermit, 1
hero, 3
hers, 1
herself, 9
hes, 26
hesitate, 1
hesitated, 1
hewed, 1
hewing, 2
hey, 1
hidden, 1
hideandseek, 1
hideously, 1
hiding, 1
high, 15
higher, 3
highest, 4
highly, 4
highness, 1
highpower, 1
hilarity, 1
hill, 3
hills, 1
hillside, 1
him, 122
hima, 1
himbolt, 1
himself, 114
himyes, 1
hinder, 1
hindrance, 1
hint, 1
hinted, 1
hire, 1
hired, 3
his, 5
hising, 1
hissing, 3
history, 11
hither, 1
hitherto, 3
hitting, 1
hiyi, 1
hoard, 3
hoarse, 2
hoarsely, 1
hoarsened, 1
hoax, 1
hob, 1
hobbles, 1
hobby, 1
hockey, 2
hockeysticks, 1
hold, 12
holdfast, 1
holding, 9
hole, 8
holes, 2
holiday, 4
holland, 1
holler, 2
hollow, 9
holly, 2
hollybush, 1
holmes, 101
holmesyou, 1
holy, 5
homage, 2
home, 28
homecentred, 1
homeless, 1
homer, 1
homes, 2
homestead, 1
homeward, 2
honest, 2
honey, 4
honor, 1
honorable, 1
honour, 9
honourable, 2
hooded, 1
hoof, 2
hoofs, 2
hook, 1
hooked, 1
hookey, 3
hooks, 1
hooray, 1
hope, 22
hoped, 3
hopefully, 1
hopeless, 2
hopes, 5
hoping, 2
hopkins, 2
hopped, 2
hops, 1
hopskipandjumpproof, 1
horde, 1
horizon, 1
horn, 3
horns, 1
horrible, 3
horrid, 1
horrifying, 1
horror, 4
horse, 2
horseback, 1
horsedung, 1
horses, 7
horsey, 1
hospital, 2
hospitality, 1
host, 1
hostile, 1
hotel, 1
hour, 19
hourand, 1
hours, 19
house, 42
housed, 1
household, 2
housemy, 1
houses, 8
hove, 1
hovered, 1
hovering, 1
how, 14
however, 30
howled, 1
howling, 2
html, 1
hued, 1
huge, 5
hum, 3
human, 13
humanity, 1
humanthis, 1
humble, 1
humbly, 1
humbug, 8
humdrum, 1
humility, 1
humming, 1
humour, 2
hump, 1
hunch, 1
hunchbacked, 1
hundred, 10
hundreds, 3
hung, 11
hungrier, 1
hungrily, 1
hungry, 2
hunks, 2
hunt, 1
hunting, 4
hurled, 1
hurrah, 1
hurricane, 1
hurricanedeck, 1
hurried, 5
hurriedly, 2
hurries, 1
hurry, 4
hurrying, 3
hurt, 2
hurtanyways, 1
husband, 4
hush, 1
hyperborean, 2
hypercritical, 1
hypos, 1
iago, 1
ibis, 1
ibroke, 1
ice, 8
iceberg, 1
icebound, 1
iced, 1
iceisland, 1
icelandno, 1
icicles, 1
id, 1
idea, 17
ideas, 3
identical, 1
identify, 1
idiot, 1
idle, 5
idler, 1
idol, 5
idolators, 1
idolatrous, 1
if, 1
ignorance, 1
ignorant, 1
ignoring, 2
ignotum, 1
ii, 1
iii, 1
ill, 39
illdyed, 1
illgentlemen, 1
illiterate, 1
illkempt, 1
illness, 2
ills, 1
illused, 2
illustrate, 2
illustrated, 1
illwill, 1
im, 9
image, 7
images, 1
imaginary, 1
imagination, 4
imaginative, 1
imagine, 11
imagined, 2
imagines, 1
imaginings, 1
imbecile, 1
imbedded, 1
imitate, 1
imitated, 1
immeasurably, 1
immediate, 3
immediately, 9
immense, 4
immensely, 1
immortal, 3
immunity, 1
impaled, 2
impaling, 1
impatience, 2
impatient, 3
impatiently, 3
impeding, 1
impenetrable, 1
imperatively, 1
imperial, 2
imperilled, 1
impertinent, 1
imperturbability, 1
implement, 1
implicates, 1
implored, 1
imploringly, 1
importance, 4
important, 4
imported, 1
impossible, 7
impression, 2
impressive, 1
imprinted, 1
impropriety, 1
improved, 2
improvements, 1
improving, 2
improvisations, 1
imprudently, 1
imps, 1
impulse, 1
in, 4
inaction, 1
inbreath, 1
incapable, 2
incense, 1
incessant, 2
inches, 4
incidents, 3
incisive, 2
incites, 1
inclinations, 1
inclined, 2
includingwhich, 1
incognito, 1
incoherent, 1
incomprehensible, 1
inconsequent, 1
incorrigible, 1
increased, 4
increases, 1
increasing, 1
incredulous, 1
indebted, 1
indeed, 26
indefatigable, 1
indefinite, 1
indefinitely, 1
independent, 1
indestructible, 1
index, 1
indian, 2
indicated, 2
indicating, 1
indication, 1
indications, 1
indicting, 1
indigestion, 1
indignantly, 1
indignity, 1
indirect, 1
indiscretion, 1
individual, 2
indoors, 2
induce, 2
induced, 1
inducements, 1
indulged, 1
industries, 1
industriouspainstaking, 1
inequalities, 1
inestimable, 1
inexhaustible, 1
inexorable, 1
inexplicable, 2
inexpressible, 1
inexpressibly, 1
inextricable, 1
infallibly, 1
infancy, 1
infant, 4
infernal, 3
inferred, 1
infinite, 1
inflamed, 1
infliction, 1
influence, 6
influences, 1
inform, 1
informality, 1
information, 2
informed, 2
ingenious, 1
inhabitant, 1
inherited, 1
inhuman, 1
inions, 1
injected, 1
injun, 1
injunction, 1
injured, 5
injuring, 3
injustice, 1
ink, 3
inkling, 1
inlanders, 1
inmate, 1
inmates, 1
inmost, 1
inn, 2
inner, 3
innocent, 3
innocents, 1
innpeter, 1
inns, 1
inquire, 1
inquired, 3
inquiries, 2
inquiry, 3
inquisitiveness, 1
insane, 1
insensibly, 1
inshore, 1
inside, 7
insignificant, 1
insist, 1
insistent, 1
inspection, 1
inspector, 1
inspiration, 3
inspired, 1
inspirited, 1
instance, 8
instant, 18
instantly, 4
instead, 7
instinct, 2
instructions, 1
instrument, 1
insular, 1
insult, 1
insurance, 2
insured, 1
integrity, 2
intellectual, 1
intelligence, 1
intend, 2
intended, 2
intense, 2
intent, 1
intention, 4
intentions, 1
intercede, 1
interest, 13
interested, 8
interesting, 3
interests, 2
interfere, 6
interior, 1
interlude, 1
intermediate, 1
interment, 1
internal, 1
interpretation, 1
interpreted, 1
interrupt, 1
intertwined, 1
interval, 3
intervals, 3
intimate, 3
intimation, 1
into, 141
intonations, 1
intoned, 1
intoxicating, 1
intrepid, 1
intrigue, 1
intrigues, 1
introduce, 2
introducing, 1
introibo, 1
introspect, 1
introspective, 2
intrude, 1
intruder, 1
intrusion, 1
intrusions, 1
intrusted, 1
intuition, 1
intuitive, 1
inuring, 1
invariable, 1
invest, 1
investigate, 1
investigation, 1
inviolate, 1
invisibility, 1
invisible, 5
invited, 1
inviting, 1
invitingly, 1
involuntarily, 4
involve, 1
involved, 1
inward, 1
inwit, 1
iodoform, 1
ireland, 4
irene, 13
irenes, 1
irish, 11
irishman, 1
irishsetter, 1
iron, 5
ironmongery, 1
irradiated, 1
irregular, 2
irresolute, 1
irresolution, 1
irrevocably, 1
is, 7
isand, 1
isbettern, 1
ishmael, 6
island, 4
islanders, 1
isles, 1
isnt, 9
issue, 2
issued, 1
issues, 1
it, 44
italian, 4
italians, 1
italy, 3
italyone, 1
itbits, 1
itch, 3
itching, 1
itdidnt, 1
item, 1
itll, 1
itnamely, 1
its, 64
itself, 14
itthus, 1
itwhy, 1
itwould, 1
iubilantium, 2
ive, 12
ivory, 1
jabez, 9
jacket, 5
jackets, 2
jackknife, 1
jacob, 9
jagged, 1
jalap, 1
jam, 1
jambs, 1
james, 1
jamess, 2
jamthats, 1
jane, 1
janey, 1
japhet, 1
javan, 1
jaw, 3
jaws, 3
jay, 1
jealous, 1
jeer, 1
jeers, 1
jeff, 1
jejune, 1
jelly, 1
jerked, 1
jerks, 1
jersey, 1
jest, 1
jester, 1
jesuit, 4
jesus, 2
jets, 1
jew, 1
jewelbox, 1
jews, 3
jewsharp, 1
jibes, 1
jiffy, 1
jim, 5
jimpson, 1
jingo, 1
job, 1
jobs, 1
jockeyed, 1
john, 11
johnny, 2
johns, 1
join, 2
joined, 3
joiner, 2
joke, 2
jokes, 1
joking, 2
jolly, 4
jonah, 3
jones, 11
joseph, 2
journal, 2
journey, 1
journeys, 2
joust, 1
jousts, 2
jove, 2
jowl, 1
joy, 2
joyously, 1
judge, 4
judged, 1
judging, 1
judgmatically, 1
judgment, 3
judicial, 1
judiciously, 1
judith, 1
jug, 1
julius, 1
july, 2
jump, 4
jumped, 3
jumping, 2
june, 2
junket, 1
just, 85
justice, 1
justified, 2
kafka, 1
keen, 4
keenly, 3
keenwitted, 1
keep, 29
keeping, 3
keeps, 3
kempthorpe, 1
kempthorpes, 1
kensington, 1
kept, 11
kerchief, 1
key, 7
keyboard, 1
keyhole, 3
keys, 2
kick, 2
kicked, 2
kill, 2
kille, 2
killed, 2
kills, 1
kinch, 20
kind, 11
kindled, 1
kindliness, 2
kindlings, 1
kindly, 5
kindness, 4
kindnot, 1
kindred, 1
kinds, 1
kine, 1
king, 18
kingdom, 2
kings, 4
kingstown, 3
kink, 1
kinswoman, 1
kip, 2
kitchen, 5
kite, 1
kitten, 1
knack, 1
knee, 2
kneecaps, 1
kneedeep, 1
kneel, 3
knees, 8
knelt, 2
knew, 33
knife, 2
knifeblade, 1
knifed, 1
knittingfor, 1
knock, 6
knocked, 2
knocker, 5
knocking, 3
knockings, 1
knockkneed, 1
knot, 3
knots, 2
knotted, 1
knotting, 1
know, 90
knowbut, 1
knowd, 1
knowing, 9
knowingly, 1
knowledge, 6
known, 6
knows, 10
knuckles, 1
kochs, 1
koehler, 1
kramm, 2
labboard, 2
labor, 1
laborious, 2
labour, 4
labourbut, 1
laboured, 1
labourers, 1
labours, 1
labrador, 2
labyrinth, 1
lack, 3
lad, 1
ladder, 2
laden, 1
lady, 16
ladys, 1
laggard, 1
laid, 11
laissez, 1
lake, 1
lakes, 1
lalouettes, 1
lamentation, 1
lamp, 3
lamps, 2
lance, 2
lances, 2
lancet, 1
land, 17
landau, 4
landed, 4
landing, 3
landlady, 2
landlord, 27
landlords, 1
landscape, 1
landsmen, 1
lane, 3
lanes, 1
langham, 1
langhorne, 1
language, 3
languages, 1
languid, 2
languor, 1
lantern, 6
lap, 1
lapels, 1
large, 18
larger, 4
lash, 1
lashed, 1
last, 40
lasted, 1
late, 14
latediscovered, 1
lately, 3
lateness, 1
later, 6
latest, 2
lath, 1
lather, 3
lathered, 2
latin, 1
latitude, 1
latter, 3
laugh, 5
laughed, 10
laughing, 9
laughter, 9
laurel, 1
lavenza, 1
law, 1
lawn, 2
lawrence, 1
lawsame, 1
lawyer, 3
lay, 4
layers, 1
laying, 3
lazarus, 4
lazy, 1
lead, 7
leader, 1
leaders, 2
league, 16
leak, 1
lean, 3
leaned, 6
leaning, 3
leaningplace, 1
leant, 3
leaped, 2
leaping, 3
leapt, 1
learn, 9
learned, 2
learner, 1
learning, 2
least, 12
leastnothing, 1
leather, 4
leave, 10
leaves, 4
leaving, 8
lebanon, 1
lecture, 1
ledgers, 1
leer, 1
leeuw, 1
left, 39
leg, 1
legal, 2
legatee, 1
legion, 1
legs, 21
leisure, 2
leman, 1
lemme, 1
lemon, 2
lend, 4
lendeth, 1
length, 10
lengthened, 2
lengths, 1
lengthwise, 2
lengthy, 1
lens, 1
lenses, 1
lent, 1
leopard, 1
less, 11
lesson, 1
let, 6
lethal, 1
lets, 1
letter, 15
letters, 9
letting, 1
level, 4
leviathan, 2
lhomme, 1
liable, 1
liar, 2
liberality, 2
liberty, 2
library, 4
lice, 1
license, 1
lick, 6
licks, 1
lids, 1
lie, 1
lies, 3
lieu, 1
lieutenant, 3
life, 43
lifeless, 1
lifes, 1
lift, 1
lifted, 6
lifting, 2
light, 40
lighted, 7
lighter, 2
lighting, 1
lightly, 4
lightning, 1
lightnings, 1
lights, 4
lightshod, 1
like, 97
liked, 3
likely, 3
likeness, 1
likes, 3
likewise, 1
liliata, 2
lily, 2
limber, 2
limbs, 3
limit, 1
limits, 1
limp, 2
line, 11
lineaments, 1
lined, 2
linen, 2
lines, 5
linger, 1
lingered, 2
link, 3
linked, 2
links, 1
lint, 1
lions, 1
lip, 1
lips, 16
lipswith, 1
liquid, 2
liquor, 1
list, 1
listen, 4
listened, 7
listeners, 1
listening, 5
listlessly, 1
lit, 2
literally, 3
literary, 1
literature, 1
lithe, 1
little, 119
littleid, 1
live, 7
lived, 10
lively, 3
liver, 2
liverpool, 1
livery, 1
lives, 3
livid, 2
living, 8
livingroom, 1
load, 1
loaf, 4
loafer, 1
loafing, 1
loan, 1
loathed, 2
lobes, 1
lobster, 2
locality, 1
lock, 7
locked, 7
locker, 4
locking, 1
locksmith, 3
locomotive, 1
locusttrees, 1
lodge, 13
lodged, 1
lodges, 2
lodgings, 2
loftily, 1
loincloth, 1
loins, 1
loitering, 1
london, 11
londoners, 1
londonquite, 1
long, 57
longarmed, 1
longer, 11
longhandled, 1
longtails, 1
look, 46
looked, 50
looker, 1
lookest, 1
looking, 26
lookingglass, 3
looks, 2
loomings, 1
looms, 1
loops, 1
loose, 6
lord, 7
lording, 1
lords, 1
lose, 8
losing, 2
loss, 1
lost, 11
lot, 1
lothman, 1
lots, 1
loud, 13
louder, 1
loudly, 6
lounged, 2
loungers, 2
lounging, 3
lousy, 1
louts, 1
love, 18
loved, 9
loveliest, 1
lovely, 6
lover, 4
loves, 3
loving, 2
low, 5
lowarched, 1
lowed, 3
lower, 9
lowering, 1
lowly, 1
loyola, 1
lucerne, 1
lucky, 1
luggage, 1
lumberroom, 4
lump, 3
lumps, 1
lunatic, 2
lunch, 1
lunches, 1
lunged, 1
lungs, 1
lure, 1
lurid, 2
lush, 1
lust, 1
lustrous, 1
lusty, 1
luxury, 3
lycidas, 1
lying, 7
lynn, 1
maam, 5
mabinogion, 2
machine, 1
machines, 1
mack, 1
mackernan, 1
macmurroughs, 1
mad, 1
madame, 1
made, 67
mademoiselles, 1
madinsane, 1
madly, 1
madman, 1
madness, 2
magazine, 1
magdalen, 1
magic, 2
magnet, 1
magnetic, 1
magnificence, 1
magnificent, 3
magnifico, 1
magnifying, 1
maid, 3
maids, 1
maidservants, 1
maidsjoined, 1
mail, 1
mailboat, 2
maimonides, 1
main, 5
maintenance, 1
majesty, 16
majestys, 2
make, 62
maker, 1
makes, 10
maketh, 1
making, 19
makings, 1
malachi, 5
maladroit, 1
male, 2
malicious, 1
malignant, 1
man, 33
mana, 2
manage, 2
managed, 4
manager, 2
managers, 1
managing, 1
manhatto, 1
manhattoes, 1
manifestation, 1
manifested, 1
manikin, 1
mankind, 2
manner, 14
manners, 1
mans, 10
mansion, 1
mantelpiece, 2
manual, 2
manufactory, 1
manuscript, 2
many, 41
marbles, 2
marcellus, 1
march, 4
marched, 1
margaret, 7
mariner, 2
mariners, 1
mark, 5
marked, 4
market, 1
markets, 1
marks, 1
marley, 16
marleys, 11
marm, 1
marmalade, 1
marriage, 7
married, 8
marrow, 1
marry, 2
marrying, 1
mars, 4
martello, 1
martyrs, 1
marvel, 3
marvellous, 6
marvels, 2
mary, 6
mask, 5
masked, 2
masonry, 1
mass, 3
massed, 1
masses, 2
massive, 2
mast, 1
master, 7
masterly, 1
masters, 2
masthead, 1
mastheads, 1
masts, 1
mat, 4
match, 1
mater, 1
material, 1
mates, 1
mathematics, 1
matris, 1
matter, 27
matters, 7
matthew, 1
mattress, 2
maxim, 1
may, 3
maybe, 8
maynt, 1
mayor, 1
mayors, 1
mazy, 1
mccann, 1
mcfarlanes, 1
me, 24
meadow, 2
meal, 3
meals, 1
mean, 22
meand, 1
meaning, 4
means, 9
meant, 2
meantime, 4
meantimeto, 1
meanwhile, 5
measure, 4
measured, 1
measureful, 1
measures, 3
meat, 2
meatfaced, 1
mebut, 1
medical, 3
medicine, 2
medicineman, 1
meditation, 2
medium, 1
medley, 1
meek, 1
meet, 5
meeting, 3
mei, 2
meim, 1
mein, 1
melancholy, 5
melodious, 1
melted, 1
melting, 1
meltzer, 1
melville, 1
member, 2
members, 1
memories, 1
memory, 13
memy, 1
men, 14
menace, 1
menaced, 2
mended, 1
menelaus, 1
menno, 1
mens, 5
mental, 2
mention, 4
mentioned, 2
mentionedthey, 1
merchant, 4
merchantman, 1
merchants, 3
merciless, 1
mercurial, 1
mercurys, 1
mercy, 2
mere, 2
merely, 7
merging, 1
meridians, 1
merit, 1
merits, 1
merry, 16
merrying, 1
merryweather, 12
mesince, 1
mess, 1
messenger, 2
messengers, 1
messmates, 1
met, 1
metal, 2
metamorphosis, 1
metaphysical, 2
method, 2
methodically, 1
methods, 3
mews, 1
michaels, 1
middle, 11
middleaged, 1
middling, 1
midnight, 3
midnighthow, 1
midst, 4
mien, 1
might, 65
mightily, 2
mighty, 6
milan, 2
milanese, 1
mild, 3
mildewed, 1
mildness, 1
mile, 1
miles, 4
militant, 1
military, 1
milk, 9
milkcan, 1
milkjug, 1
milkwoman, 1
miller, 1
million, 1
millionaire, 1
millions, 1
mince, 1
mind, 46
mindold, 1
minds, 1
mine, 17
mineheavens, 1
minemine, 1
mingled, 1
ministers, 1
minor, 1
minute, 9
minutely, 1
minuteonly, 1
minutes, 17
miracle, 2
miracles, 1
mirror, 10
mirrors, 1
mirth, 1
mirthless, 2
misanthropic, 1
miscarried, 1
mischances, 1
mischief, 2
miserable, 1
misery, 8
misfortunes, 3
misgivings, 1
miss, 8
missed, 3
missile, 2
mission, 1
missis, 3
missouri, 2
mist, 4
mistake, 3
mistaken, 2
mistakes, 1
mister, 1
mistress, 4
misty, 2
misused, 1
mitres, 1
mixed, 3
moaning, 2
mobile, 1
mobydick, 1
moccasin, 1
mockers, 1
mockery, 5
mocking, 1
model, 3
moderate, 1
modern, 2
moist, 1
molasses, 1
mole, 1
moluccas, 1
moment, 39
momentary, 1
moments, 4
monday, 6
money, 30
moneychanging, 1
moneyed, 1
monica, 3
monied, 1
monkey, 2
monogram, 1
monograph, 1
monopolising, 1
monster, 1
monstrous, 3
mont, 1
month, 4
monthly, 1
months, 12
mood, 4
moods, 1
moody, 2
moored, 1
moors, 1
mope, 1
mopping, 1
moral, 2
more, 130
moreover, 1
morning, 46
mornings, 3
morose, 1
morosely, 1
morrice, 1
morris, 2
morrow, 1
mortal, 2
mortals, 1
mortar, 1
mortimers, 1
moses, 1
mosey, 1
most, 59
mostly, 1
motes, 1
mother, 41
mothers, 7
motion, 2
motioned, 2
motioning, 1
motionless, 3
motions, 1
motive, 2
motives, 3
motley, 1
motto, 1
mould, 1
moulding, 1
mountaineers, 1
mountains, 2
mounted, 4
mourner, 2
mournful, 2
mourning, 1
moustache, 2
moustachedevidently, 1
mouth, 19
mouths, 1
mouththe, 1
move, 8
moved, 15
movedbut, 1
movement, 4
moves, 1
moving, 6
mower, 2
mp, 1
mr, 4
mrs, 6
mrzsteg, 1
much, 66
muchmarleys, 1
muchmuchmuch, 1
muddy, 1
mudsplashed, 1
muff, 1
muffled, 2
muglins, 1
mulatto, 1
mulligan, 80
mulligans, 6
multiplied, 1
multiply, 1
multitude, 2
mumbled, 1
mumbling, 1
mummer, 2
mummery, 1
mummies, 1
munched, 2
murder, 2
murderer, 1
murmur, 2
murmured, 5
muscles, 1
mused, 2
music, 7
musician, 1
musicthe, 1
musk, 1
muskperfumed, 1
must, 78
mustard, 1
mute, 3
muttered, 2
muttering, 1
my, 3
myself, 38
myselfthe, 1
mysteries, 3
mysterious, 7
mystery, 6
mystical, 1
mystifying, 1
nailed, 1
name, 32
named, 1
nameless, 2
names, 3
nantucket, 7
naples, 1
napoleons, 2
narcissus, 1
narrative, 6
narrow, 7
narrowest, 1
narrowly, 2
nathan, 1
national, 3
nations, 2
native, 3
natty, 1
natural, 1
naturally, 1
nature, 15
natures, 1
naval, 1
navigators, 1
navigatorsthere, 1
navy, 1
nay, 2
ne, 1
near, 20
nearby, 1
nearer, 4
nearest, 1
nearly, 12
neat, 1
neatly, 3
necessaries, 1
necessary, 8
necessitate, 1
necessity, 3
neck, 7
necktie, 1
need, 10
needed, 4
needle, 3
needles, 2
needs, 2
neglected, 1
negro, 4
neighbors, 1
neighbourhood, 2
neighbouring, 1
neighbours, 1
neither, 5
nephew, 13
nerves, 4
nervous, 3
nervously, 1
nest, 1
neutral, 2
never, 83
neverfailing, 1
nevertheless, 1
new, 1
newcomer, 1
newly, 1
newmown, 1
news, 4
newspaper, 3
newspapers, 3
next, 27
nextdays, 1
niagara, 1
nibbling, 1
nice, 6
nicely, 2
niche, 2
nickel, 2
nigh, 4
night, 50
nightcap, 1
nightfall, 1
nightit, 1
nightmare, 3
nights, 1
nightsdo, 1
nimbly, 2
nimbus, 1
nine, 7
nipped, 2
nitrate, 1
no, 13
noble, 7
nobleman, 2
noblest, 1
nobody, 8
nobodys, 1
nocturnal, 1
nod, 1
nodded, 2
nodding, 2
nois, 1
noise, 11
noiselessly, 1
noises, 3
nominal, 3
nomine, 1
nomwell, 1
nonconformist, 1
none, 14
nonoi, 1
nonplussed, 1
nonsense, 1
nonsensical, 1
nooks, 1
noone, 3
nooses, 1
nor, 3
norman, 1
north, 9
northern, 4
northward, 1
norton, 7
nose, 11
noserag, 2
noserags, 1
not, 25
notches, 1
note, 10
notebook, 1
noted, 1
notepaper, 3
notes, 5
nothing, 64
notice, 7
noticeable, 1
noticed, 5
noticing, 1
noting, 1
notwithstanding, 2
novelty, 1
november, 1
now, 81
nowlemme, 1
nowlet, 1
nowwas, 1
nuff, 2
nuffand, 1
nuisance, 1
number, 6
numbers, 1
numerous, 3
nurse, 1
nursed, 1
nursegirl, 1
nuts, 2
nutshell, 1
nuzzling, 1
oak, 1
oakpale, 1
oath, 1
obedience, 2
obedient, 2
obese, 1
obey, 1
object, 9
objection, 1
objectionable, 1
objections, 2
objective, 1
objects, 1
obleeged, 1
obliged, 4
obliging, 1
oblivion, 1
obscure, 1
obscuring, 1
observation, 2
observations, 1
observe, 3
observed, 16
observerexcellent, 1
observest, 1
observing, 3
obstinacy, 1
obstreperously, 1
obtain, 2
obvious, 4
obviously, 2
occasion, 3
occasionally, 4
occasions, 1
occupant, 1
occupation, 1
occupational, 1
occupations, 2
occupied, 7
occupies, 1
occur, 3
occurred, 6
occurrence, 2
occurrences, 1
ocean, 7
oceans, 1
oclock, 20
oconnell, 1
oconnells, 1
october, 1
odessa, 1
odor, 1
odour, 5
oer, 1
off, 10
offand, 1
offence, 2
offences, 1
offend, 1
offer, 5
offered, 6
offering, 1
office, 18
officer, 3
officers, 3
offices, 7
official, 3
officiating, 1
offing, 2
offn, 2
offspring, 1
offthen, 1
often, 18
ognor, 1
oh, 23
oilpainting, 1
oinopa, 1
old, 3
older, 1
oldfashioned, 1
oldly, 1
olivets, 1
ominous, 4
omission, 1
omne, 1
omnipotent, 1
omphalos, 2
onand, 1
once, 48
one, 22
ones, 4
oneso, 1
only, 100
onto, 12
open, 55
opened, 10
opening, 7
opens, 1
opera, 1
operatic, 1
operation, 2
operations, 2
opinion, 3
opinions, 2
opportunity, 3
opposite, 4
oppressed, 1
oppresses, 1
oppressively, 1
opulence, 1
orange, 4
orangepeel, 1
orchard, 1
ordained, 1
order, 13
ordered, 2
orders, 5
ordinary, 2
orgies, 1
oriental, 1
origin, 1
original, 2
originally, 1
originalthe, 1
orion, 1
ormstein, 2
ornament, 1
ornamented, 1
orourke, 1
orphan, 3
orphanage, 1
orphans, 1
ostlers, 2
other, 84
others, 21
otherwise, 4
ought, 6
oughtnt, 2
ouns, 1
our, 4
ours, 1
ourselves, 8
ourselvessuch, 1
ousted, 1
out, 31
outbreak, 1
outer, 2
outfit, 1
outlandish, 1
outlined, 1
outset, 1
outside, 10
outstretched, 1
outward, 1
oval, 1
oven, 1
over, 123
overbright, 1
overcame, 2
overclean, 1
overclouding, 1
overcoat, 2
overcome, 4
overflowed, 1
overflowings, 1
overheard, 1
overjoyed, 1
overlapping, 1
overlooked, 1
overpowering, 1
overprecipitance, 1
overstocked, 1
overtopped, 1
overview, 2
overwhelmed, 1
overwhelming, 1
owed, 1
owes, 1
own, 12
owner, 2
owners, 1
oxford, 4
oyster, 1
p, 2
pace, 1
paced, 4
paces, 1
pacific, 2
pacing, 3
pack, 2
packed, 3
packet, 2
padlocks, 1
pagan, 1
paganism, 1
page, 3
pageant, 1
pages, 2
paid, 8
paidwhat, 1
pail, 3
pain, 10
painful, 2
painfully, 3
pains, 1
paint, 3
painted, 1
painters, 1
painting, 2
pair, 7
pairs, 1
palace, 1
palaces, 1
pale, 4
palefaces, 1
paler, 1
palm, 4
palms, 2
palpable, 1
palps, 1
palsied, 1
panama, 1
pane, 1
panel, 2
pangs, 1
panic, 2
pansy, 2
pantalettes, 1
pantaloons, 2
panther, 2
pantomime, 1
papas, 1
paper, 14
papered, 2
papermills, 1
papers, 6
papier, 1
papishes, 1
paps, 1
parade, 1
paradise, 1
paradox, 1
paradoxes, 1
paragraphs, 1
parallel, 2
paralysis, 1
parapet, 6
parcel, 2
pardoned, 1
parent, 1
parents, 17
paris, 4
park, 2
parliament, 3
parnell, 1
paroxysm, 1
parried, 1
part, 32
parted, 1
partiality, 1
participate, 1
particles, 1
particular, 9
particularly, 5
particulars, 1
partie, 1
partly, 5
partner, 6
partners, 1
parts, 5
party, 3
pass, 7
passage, 8
passed, 22
passenger, 4
passengercoaches, 1
passengers, 3
passes, 1
passing, 5
passion, 3
passionate, 2
passionately, 1
passionremembering, 1
passions, 1
past, 13
patagonian, 1
patch, 1
patched, 1
pate, 1
path, 10
pathless, 1
pathos, 1
paths, 1
pathways, 1
patience, 2
patient, 5
patients, 1
patris, 1
patron, 1
pattern, 1
pauls, 3
paunch, 1
pause, 4
paused, 6
pauses, 1
pausing, 2
paved, 2
pavement, 6
pavementrather, 1
pawnbroker, 2
pawnbrokers, 4
pawnshop, 1
pay, 5
payday, 1
paying, 6
pays, 1
peace, 9
peacefully, 3
peajacket, 1
peaks, 1
peal, 1
pears, 1
peasant, 2
pecked, 1
peculiar, 6
peculiarly, 2
peculiarthat, 1
peddler, 1
peddlin, 1
peddling, 2
pedestrian, 1
pedestrians, 1
peel, 1
peep, 1
peeped, 2
peeping, 1
peer, 1
peered, 6
peering, 2
pelt, 1
pelting, 1
pen, 2
penalties, 1
penance, 1
pencils, 1
penetration, 1
pennies, 1
pennsylvania, 1
penny, 4
pens, 1
pensioners, 1
pent, 1
penury, 1
people, 20
peoples, 2
peppered, 1
per, 1
perceive, 4
perceived, 3
perceiving, 3
percentage, 1
perch, 2
perched, 1
perdition, 1
perfect, 2
perfectionate, 1
perfectly, 8
performances, 2
performer, 1
performing, 2
performs, 1
perhaps, 23
peril, 1
perilous, 1
perils, 1
period, 1
perish, 1
permission, 1
permit, 3
permitted, 1
perpendicular, 1
perpetual, 1
perpetually, 1
perplexed, 2
persecuted, 2
perseverance, 1
persevering, 1
persians, 1
persist, 1
person, 13
personal, 3
personally, 6
personating, 2
persons, 2
personthat, 1
perspiration, 1
persuade, 1
persuaded, 3
persuading, 2
perused, 1
pet, 1
peter, 4
petersburg, 1
petersburgh, 3
petticoats, 1
petting, 1
phantasmal, 1
phantom, 5
phantoms, 2
pharaohs, 1
phenomena, 1
phenomenon, 1
phillips, 1
philosopher, 1
philosophical, 1
phlegm, 1
photius, 1
photo, 1
photograph, 22
photography, 2
phrase, 4
physical, 2
pick, 1
picked, 5
picking, 2
picks, 1
picture, 9
pictured, 4
pictures, 2
piece, 3
pieces, 2
pier, 6
pierce, 1
pierced, 2
piercing, 2
pierheads, 1
pigtail, 3
pile, 2
piled, 1
pilgrims, 1
piling, 1
pillars, 1
pillow, 1
pinch, 1
pinched, 1
pine, 1
pinetree, 1
pink, 1
pinktinted, 1
pinning, 1
pint, 3
pints, 2
pious, 1
piously, 1
pipe, 5
pique, 1
pistol, 2
pitch, 3
pitched, 1
pitches, 1
pitchlike, 1
piteous, 1
piteously, 1
pitifully, 1
pitt, 1
pittance, 1
pity, 7
pityingly, 1
pitys, 1
place, 26
placea, 1
placed, 11
places, 3
placing, 2
plaguy, 1
plain, 5
plainlooking, 1
plainly, 2
plains, 1
plaintively, 1
plaited, 2
plan, 4
plane, 2
planed, 1
planeiron, 1
planet, 1
planetno, 1
planing, 2
plank, 2
planked, 1
planks, 1
planned, 2
plans, 4
planted, 1
planters, 1
plants, 1
plastertied, 1
plates, 1
play, 16
played, 3
playfield, 4
playfully, 1
playing, 5
plays, 2
plaything, 1
playthings, 1
pleaded, 1
pleading, 1
pleasant, 9
pleasantly, 1
please, 13
pleased, 3
pleasurable, 3
pleasure, 7
pleasures, 1
plenty, 4
plentygrunted, 1
pliant, 1
plight, 1
plucking, 1
plug, 1
plumb, 1
plumbers, 1
plump, 4
plundered, 1
plunged, 5
plunging, 1
plush, 1
pluterperfect, 1
pocket, 19
pocketbook, 2
pockets, 7
poet, 3
poetic, 1
poets, 4
poignant, 1
point, 15
pointed, 2
pointing, 2
points, 3
poised, 1
poison, 1
poked, 1
poker, 1
poking, 1
poky, 1
pole, 5
police, 4
policestation, 1
polished, 3
polite, 1
politely, 1
political, 1
polly, 8
pollys, 2
pollywell, 1
pomp, 1
pompous, 1
ponchos, 1
pondered, 1
pondering, 1
ponderings, 1
ponderous, 3
ponderously, 1
ponton, 1
pooh, 7
pool, 1
poor, 34
pope, 1
popes, 3
popped, 1
population, 1
porch, 4
porcupine, 1
port, 1
portentous, 3
portly, 2
position, 11
positions, 1
positive, 2
possess, 2
possessed, 4
possesses, 1
possession, 2
possibilities, 1
possibility, 2
possible, 24
possibly, 3
post, 4
posted, 1
postroad, 1
pot, 1
potato, 1
potatoes, 1
potent, 2
potion, 1
poulterers, 1
pound, 1
pounding, 2
pounds, 5
pour, 3
poured, 2
pouring, 4
pours, 2
poverty, 4
povertystricken, 2
powdered, 1
power, 12
powerful, 7
powers, 5
poxy, 1
practical, 1
practically, 2
practice, 5
practise, 2
prague, 1
prairies, 1
praise, 1
praised, 1
praises, 1
prankif, 1
prankupon, 1
pray, 11
prayed, 1
prayers, 1
praying, 1
preached, 1
preachers, 2
precaution, 2
preceded, 1
preceding, 3
precious, 2
precise, 1
precisely, 5
preciselyhaving, 1
precision, 1
predicted, 1
predominated, 1
predominates, 1
prefer, 1
preferred, 1
prefers, 2
prejudice, 1
prejudices, 2
prelate, 1
prelates, 1
premises, 3
preparation, 2
preparations, 2
prepare, 2
preparing, 1
preposterous, 2
prepuces, 1
presence, 4
presencein, 1
present, 21
presented, 7
presenting, 1
presently, 15
presentlythe, 1
presents, 1
preserve, 1
preserved, 1
presidency, 1
president, 1
press, 4
pressed, 4
presumably, 1
presume, 2
pretend, 1
pretended, 1
pretty, 7
prevailed, 1
prevalent, 1
prevent, 1
prevented, 1
preventing, 1
prevents, 1
previous, 7
previously, 1
prey, 1
price, 6
prices, 1
prick, 1
pride, 5
priest, 1
priests, 1
prima, 1
primal, 1
primrose, 1
prince, 3
princely, 1
princess, 1
principal, 2
principle, 1
principles, 2
printed, 2
prisoner, 1
prisoners, 1
prisons, 2
private, 5
privilege, 2
prix, 1
prizemoney, 2
probable, 2
probably, 11
problem, 8
problems, 2
proceed, 2
proceeding, 1
proceedings, 2
process, 3
processes, 1
processions, 1
proclaimed, 1
procure, 1
procured, 2
procuring, 1
prod, 1
prodigious, 1
produce, 1
produced, 4
production, 1
productions, 1
profaned, 1
profession, 5
professional, 1
professor, 1
proffering, 1
profile, 1
profited, 2
programme, 2
progress, 2
prohibition, 1
projecting, 1
projections, 1
projects, 2
prolonged, 1
prometheus, 1
promise, 3
promised, 4
promises, 3
prompt, 4
prompted, 1
promptly, 3
prone, 1
pronounce, 1
prop, 1
propagation, 1
proper, 3
properly, 3
property, 1
prophets, 1
propose, 1
proposition, 1
propped, 3
prose, 1
prosecution, 1
prospect, 3
prostrate, 1
protect, 2
protecting, 1
protection, 2
protruded, 1
protruding, 1
proud, 4
proudest, 3
prove, 3
proved, 2
proves, 3
provide, 3
provided, 2
providence, 2
providing, 1
provinces, 1
provision, 1
provoke, 1
prudence, 1
prudent, 2
psalmody, 1
pshaw, 1
public, 6
publicity, 1
publicly, 1
published, 1
puce, 1
puckered, 1
pudding, 2
puffed, 2
puffing, 1
puffy, 1
pull, 3
pulled, 14
pulpit, 1
pulses, 1
pump, 4
pumped, 1
punch, 1
punched, 1
punches, 1
punching, 1
punctuate, 1
punish, 1
punishment, 1
pup, 1
purchase, 1
pure, 3
purely, 3
purple, 2
purplish, 3
purpose, 9
purposea, 1
purposes, 2
purposing, 1
purse, 5
purses, 1
pursue, 2
pursued, 5
pursuing, 1
pursuit, 2
purty, 1
push, 2
pushed, 10
pushes, 1
pushing, 1
put, 1
putting, 11
puzzle, 1
puzzled, 2
puzzling, 1
pyramids, 1
pyrrhus, 6
pythagorean, 1
quadrangle, 1
quaint, 2
quake, 1
quaked, 1
quality, 1
quantity, 2
quarrel, 2
quarrelling, 1
quarrelsomedont, 1
quart, 2
quarter, 9
quarterdeck, 1
quarterpast, 1
quarters, 3
quarts, 1
queen, 3
queens, 1
queequeg, 4
queer, 2
queerest, 1
quelling, 1
quench, 1
quest, 2
question, 11
questionable, 1
questioning, 3
questions, 4
quick, 10
quicker, 2
quickly, 13
quid, 4
quiet, 13
quietest, 1
quietly, 14
quillpen, 1
quills, 1
quilt, 1
quite, 44
quitted, 3
quitthe, 1
quitting, 1
quivered, 1
quivering, 3
quoting, 1
rabbi, 1
rabbit, 1
race, 4
rack, 1
raddy, 1
radiance, 1
radiant, 1
raft, 1
rage, 3
raged, 1
ragged, 2
ragging, 1
rags, 1
railedin, 1
rain, 5
rainy, 1
raise, 11
raised, 12
raising, 4
rambles, 1
ramparts, 1
rancours, 1
randolphs, 1
randy, 1
rang, 4
ranged, 2
rank, 1
rankling, 1
ransacked, 2
rapid, 3
rapidity, 1
rapidly, 1
rapine, 1
rapped, 1
rapt, 1
rapture, 1
rare, 3
rarities, 1
rascal, 1
rashers, 1
rashly, 3
rasping, 1
rate, 2
rather, 31
rattle, 1
rattled, 3
rattling, 2
raving, 2
rawness, 1
rays, 2
rayther, 1
razor, 4
razorblade, 3
reach, 6
reached, 14
reaches, 1
reaching, 3
reaction, 1
read, 21
reader, 1
readers, 1
reading, 2
reads, 1
ready, 15
readyhanded, 1
real, 6
realise, 1
realised, 3
reality, 3
really, 25
reappeared, 1
rear, 2
rearward, 1
reason, 17
reasoned, 2
reasoner, 3
reasonest, 1
reasoning, 4
reasons, 5
reassured, 1
rebel, 2
rebellious, 1
rebounds, 1
recall, 3
recalled, 1
receipt, 1
receive, 1
received, 6
receives, 1
receiving, 1
recent, 2
recently, 2
recess, 1
recital, 1
recited, 1
reckon, 5
recoated, 1
recognise, 1
recognised, 2
recognition, 1
recollection, 1
recollections, 1
recommence, 1
recommend, 1
recommendation, 1
recompensing, 1
record, 3
recorded, 1
recording, 1
recover, 1
recovered, 5
rectas, 1
red, 4
reddened, 1
redder, 2
redhead, 1
redheaded, 20
redheads, 1
redmen, 1
reefscommerce, 1
reek, 2
references, 1
referring, 1
refers, 1
refined, 2
reflect, 2
reflection, 2
reflections, 1
refrain, 1
refrained, 1
refreshed, 1
refreshingly, 1
refund, 1
refuse, 1
refused, 4
regain, 1
regained, 1
regale, 1
regard, 2
regarded, 3
regarding, 1
regards, 1
regent, 1
region, 4
regions, 6
register, 1
reglar, 1
regret, 3
regular, 1
regularly, 1
regulate, 2
regulating, 1
reigning, 2
rejoice, 1
rejoiced, 1
rejoices, 1
rejoin, 1
rejoinder, 1
relapsed, 1
relapsing, 1
relate, 1
related, 2
relates, 1
relating, 1
relation, 4
relatively, 1
relaxation, 1
relaxed, 1
released, 2
relentless, 1
relief, 1
relievedfor, 1
relieving, 1
relinquished, 2
relish, 1
reluctance, 1
reluctant, 1
reluctantly, 1
rely, 2
remain, 5
remainder, 1
remained, 6
remaining, 2
remains, 3
remark, 1
remarkable, 9
remarkably, 3
remarked, 21
remember, 14
remembered, 7
remembering, 2
remembers, 1
remind, 2
reminding, 1
reminds, 2
reminiscences, 1
remorse, 1
remorseless, 1
remote, 1
remotest, 1
remove, 2
removed, 3
removing, 1
render, 2
rendered, 2
renders, 2
rending, 2
renew, 1
renovating, 1
rensselaers, 1
rent, 2
reopened, 1
repaid, 1
repair, 2
repairing, 1
repay, 1
repeal, 1
repeat, 1
repeated, 7
repeatedly, 1
replaced, 1
replenish, 1
replied, 12
reply, 2
report, 3
reported, 2
repose, 4
reposeful, 1
represented, 2
representing, 3
represents, 1
reproached, 1
reproachful, 1
reproachfully, 1
republic, 1
repulse, 1
reputation, 2
request, 1
require, 1
required, 2
requirement, 1
requires, 2
requisite, 1
rescue, 1
rescued, 1
resemblance, 1
resembling, 1
reserve, 1
residence, 1
residuary, 1
resign, 1
resigned, 1
resignedly, 1
resolute, 3
resolution, 3
resolutions, 1
resolve, 2
resolved, 6
resounded, 1
resounding, 1
resource, 2
resources, 1
respect, 3
respectable, 4
respected, 1
respectfully, 2
respecting, 1
respects, 1
responded, 2
response, 1
responses, 2
responsibility, 1
rest, 19
restaurant, 1
rested, 4
restful, 1
resting, 1
restless, 2
restoration, 1
restorative, 1
restore, 2
restored, 3
result, 4
resulting, 1
results, 1
resumed, 3
resurrected, 1
retains, 1
retire, 1
retired, 5
retirement, 1
retiring, 1
retreat, 2
retreated, 1
retreating, 1
return, 3
returned, 20
returning, 2
returns, 2
reuss, 1
reveal, 2
revealing, 1
revealments, 1
revelry, 1
reverence, 1
reverential, 1
reverentially, 1
reveries, 1
reveriesstand, 1
reverse, 1
revolver, 3
reward, 1
reynolds, 1
ribbon, 1
ribbons, 1
ribs, 1
rich, 8
richer, 2
richmond, 1
richness, 1
rickety, 1
riddle, 5
riddling, 1
ride, 1
riders, 1
ridge, 1
ridicule, 2
ridiculous, 1
ridiculously, 2
rienluvre, 1
rigging, 1
right, 52
rilling, 1
rime, 1
rinderpest, 1
ring, 7
ringing, 1
rings, 1
rioting, 1
rippling, 1
rips, 1
rise, 3
risen, 2
riseyes, 1
rising, 3
risk, 3
risked, 1
rite, 1
rival, 1
river, 5
rivers, 1
road, 6
roadside, 1
roadway, 1
roar, 1
roared, 1
roasted, 1
roasting, 1
robbery, 1
robert, 1
robust, 2
rock, 5
rockaway, 1
rocked, 2
rocket, 2
rocky, 1
rod, 1
rogers, 1
rogue, 2
role, 1
roll, 2
rolled, 6
rolling, 4
roman, 1
romantic, 4
roof, 3
room, 75
rooms, 7
root, 1
roots, 1
rose, 9
rosewood, 3
ross, 7
rotten, 2
rotting, 1
rotto, 1
rough, 2
rougher, 1
roun, 1
round, 51
roundabout, 2
roundapart, 1
rounded, 1
roundwhen, 1
roundyou, 1
roused, 1
route, 1
routine, 2
roved, 1
rows, 1
royal, 5
royce, 1
rubbed, 2
rubber, 3
rubbing, 2
ruddy, 3
rude, 3
rudely, 2
rueful, 1
rugged, 1
ruin, 3
ruination, 1
ruins, 1
rule, 3
ruler, 3
rules, 2
rumble, 1
ruminating, 1
rummaged, 1
rumpled, 1
run, 1
runaway, 1
rung, 2
running, 10
runs, 1
rush, 3
rushed, 9
rushing, 2
russell, 1
russia, 1
russian, 2
rustic, 1
rustled, 1
rustling, 1
rusty, 1
rutilantium, 2
rw, 1
ryan, 1
sabbath, 2
sabbee, 3
sabbeeyou, 1
sabellius, 1
sacked, 1
saco, 1
sacrament, 1
sacred, 4
sacrifice, 2
sacrificial, 1
sad, 1
sadfaced, 1
sadly, 2
safe, 4
safeand, 1
safeguard, 1
safely, 3
safer, 1
safety, 5
sagacity, 1
sagging, 1
said, 412
saidyou, 1
sail, 8
sailed, 1
sailing, 1
sailor, 6
sailors, 9
saint, 4
sake, 8
sakes, 1
salary, 1
sale, 1
salesman, 1
salesmen, 2
sallied, 1
sally, 3
salt, 2
salted, 2
saltwhite, 1
same, 36
samples, 3
samsa, 6
samuel, 1
sanctam, 1
sancti, 1
sand, 2
sandwich, 1
sandwiched, 1
sandycove, 1
sang, 4
sank, 1
sarasate, 1
sardonic, 1
sargent, 7
sarmon, 1
sartain, 1
sartainty, 1
sash, 1
sashless, 1
sass, 1
sassenach, 1
satchel, 3
satchels, 1
satiate, 1
satisfaction, 2
satisfactory, 2
satisfied, 5
satisfy, 2
saturday, 10
saturdays, 1
saucepan, 1
savage, 5
savagely, 1
save, 14
saved, 5
saville, 4
savingsbox, 3
saw, 1
saws, 1
sawyer, 2
saxecoburg, 6
saxemeningen, 1
saxon, 2
say, 21
sayi, 1
sayif, 1
sayill, 1
sayim, 1
saying, 20
sayings, 1
says, 13
scala, 1
scalding, 1
scale, 1
scales, 2
scallop, 1
scalpknot, 1
scaly, 1
scandal, 4
scandinavia, 1
scant, 1
scanty, 1
scarcely, 7
scare, 1
scared, 1
scarf, 1
scarlet, 1
scatter, 1
scattered, 2
scene, 6
sceneits, 1
scenes, 1
scent, 1
scheme, 1
schiavi, 1
school, 3
schoolboys, 1
schoolhouse, 1
schoolmaster, 2
schooners, 1
science, 2
scissorsgrinder, 2
scoffers, 1
scolding, 1
scorching, 1
scored, 1
scores, 3
scorned, 1
scornful, 1
scotland, 3
scott, 1
scraggy, 1
scramble, 1
scrambled, 2
scrap, 1
scrape, 1
scraped, 7
scraping, 1
scrappy, 1
scratch, 2
scratched, 1
scream, 1
screaming, 1
screams, 1
screen, 1
screwed, 2
screws, 1
scribbled, 1
scriptural, 1
scripture, 1
scriptures, 1
scrooge, 115
scrooges, 12
scrotumtightening, 1
scrub, 1
scrutiny, 1
scuffle, 1
scutter, 1
sea, 20
seacaptain, 1
seacaptains, 1
seacold, 1
seafaring, 1
seagods, 1
seal, 2
seals, 1
sealskin, 1
seamans, 1
seamen, 3
search, 4
searched, 3
searching, 3
searoom, 1
seas, 11
seasickgrow, 1
season, 4
seat, 3
seated, 5
seaward, 2
second, 12
secondhand, 1
secondleg, 1
seconds, 1
secondstory, 1
secrecy, 1
secret, 9
secretary, 1
secreted, 1
secreting, 1
secretive, 1
secretly, 1
secrets, 3
sections, 1
secure, 9
secured, 2
securely, 1
securing, 1
see, 20
seed, 1
seeds, 1
seeing, 8
seek, 3
seem, 11
seemed, 42
seeming, 3
seemingly, 1
seems, 8
seen, 26
seeposted, 1
segment, 1
seize, 1
seized, 8
seldom, 6
selected, 1
self, 1
selfaccusatory, 1
selfcontained, 1
selfcontrol, 1
selfeducated, 1
selflighting, 1
sell, 6
sellin, 1
selling, 3
sells, 2
send, 3
seneca, 1
sensation, 3
sensations, 2
sense, 10
senses, 3
sensibility, 1
sensible, 6
sensitive, 2
sent, 6
sentence, 1
sentencethis, 1
sentinels, 1
separate, 2
separated, 1
sequel, 1
serenely, 1
series, 3
serious, 8
seriously, 8
seriousness, 1
serpent, 1
serpentine, 3
serpentinemews, 2
serpents, 1
serum, 1
servant, 9
servants, 1
serve, 1
served, 1
server, 1
service, 4
services, 5
serviceshe, 1
serving, 1
set, 1
sets, 2
settee, 1
settle, 3
settled, 3
settlement, 1
settling, 1
seven, 26
sevenandtwenty, 1
seventeen, 1
several, 11
severe, 2
severely, 1
sewed, 3
sews, 2
sex, 1
seymour, 3
seymours, 1
shabbier, 2
shabbily, 1
shabby, 4
shabbygenteel, 1
shade, 7
shaded, 1
shades, 1
shadiest, 1
shadow, 3
shadowed, 1
shadowing, 1
shadows, 2
shadowy, 1
shady, 1
shafts, 1
shag, 1
shaggy, 3
shake, 2
shaken, 1
shakes, 1
shakespeare, 2
shakespeares, 2
shaking, 4
shaky, 1
shall, 43
shame, 1
shant, 1
shape, 4
shapely, 2
share, 3
shared, 3
sharing, 1
sharp, 7
shattered, 1
shave, 1
shaved, 2
shaven, 2
shavingbowl, 2
shavings, 4
she, 11
shears, 1
sheba, 1
shed, 5
sheep, 1
sheet, 6
sheets, 6
shelf, 3
shelflike, 1
shell, 1
shelley, 1
shells, 5
shelter, 2
sheltered, 2
shelves, 3
shepherds, 4
sherlock, 22
shes, 2
shielding, 1
shields, 1
shifting, 1
shilling, 5
shillings, 6
shimmering, 1
shining, 3
shiny, 4
ship, 14
shipboardyet, 1
shipmate, 1
shipmates, 2
shipped, 1
ships, 4
shipwreck, 1
shirt, 12
shirts, 1
shirtsleeves, 1
shivered, 1
shivering, 1
shiverings, 1
shock, 3
shocked, 4
shocking, 1
shoe, 1
shoes, 2
sholto, 1
shone, 1
shook, 8
shooting, 2
shoots, 1
shop, 1
shops, 2
shore, 2
shores, 2
short, 10
shortcoming, 1
shortly, 1
shot, 7
shotover, 1
should, 73
shoulder, 8
shoulderblades, 1
shoulderhigh, 1
shouldering, 1
shoulders, 9
shout, 4
shouted, 10
shouting, 3
shouts, 5
shove, 1
shoved, 2
shovel, 1
shoving, 2
show, 9
showed, 7
shower, 1
showing, 6
shown, 4
shrewd, 1
shrewdly, 1
shriek, 1
shrill, 2
shrine, 1
shrive, 1
shrivelled, 1
shrugged, 2
shrugging, 1
shrunken, 1
sht, 3
shucks, 1
shudder, 1
shuddered, 1
shuddering, 1
shuffled, 1
shun, 1
shut, 9
shutter, 1
shutters, 1
shutting, 2
shutup, 1
siamese, 1
sick, 2
sickleshaped, 1
sickness, 2
sid, 4
siddy, 1
side, 41
sideboard, 1
sidelights, 1
sidepocket, 1
sides, 9
sidewalk, 2
sideways, 2
sidewhiskered, 1
sidewise, 1
sidling, 2
sidney, 1
sids, 1
sigh, 2
sighed, 3
sighing, 4
sighs, 2
sight, 18
sights, 1
sigismond, 1
sign, 11
signa, 1
signal, 2
signals, 1
signature, 2
signed, 2
signs, 4
silence, 11
silent, 10
silently, 3
silhouette, 1
silk, 4
silken, 2
sill, 1
silly, 1
silver, 5
silverso, 1
similar, 3
simile, 1
simple, 12
simplehearted, 1
simpleminded, 1
simplicity, 1
simplifies, 1
simplify, 1
simply, 7
sin, 1
since, 13
sing, 1
singed, 1
singer, 1
singing, 5
single, 6
sings, 2
singsong, 1
singular, 6
singularly, 1
sinister, 1
sinking, 1
sinned, 1
sinner, 1
sins, 1
sir, 77
sister, 18
sisters, 2
sisterthe, 1
sit, 2
sits, 1
sitting, 8
sittingroom, 7
situated, 1
situation, 9
situations, 1
sixpences, 1
sixty, 1
size, 4
skeleton, 1
sketched, 1
skin, 6
skipped, 2
skipping, 1
skirmishes, 1
skirted, 1
skirting, 1
skirts, 5
skivvys, 1
skrimshander, 2
skull, 1
sky, 1
skylarking, 1
skyline, 2
slack, 1
slackened, 1
slain, 2
slammed, 1
slanderin, 1
slanted, 1
slapped, 2
slashed, 1
slaughter, 1
slave, 2
slaver, 1
slavey, 1
sledge, 7
sledges, 1
sleek, 1
sleep, 21
sleepe, 1
sleepiness, 1
sleeping, 7
sleepingpartner, 1
sleeps, 1
sleepy, 2
sleet, 1
sleeves, 2
slept, 4
sleuthhound, 1
slice, 2
slices, 1
slid, 4
slide, 3
sliding, 2
slight, 7
slightest, 3
slightly, 6
slights, 1
slily, 1
slim, 1
slip, 1
slipped, 3
slipper, 1
slippers, 1
slipping, 3
slit, 2
sloop, 1
sloping, 2
sloth, 1
slow, 11
slowly, 20
sluggish, 1
slung, 1
slush, 2
small, 31
smaller, 3
smart, 5
smarter, 1
smartest, 1
smartly, 1
smarty, 1
smasher, 1
smears, 1
smell, 2
smelling, 2
smelt, 2
smile, 11
smiled, 2
smiling, 4
smoke, 5
smokeblue, 1
smoked, 1
smokeladen, 1
smokeplume, 1
smokerocket, 2
smoking, 4
smoky, 2
smooth, 6
smoothfaced, 1
smothered, 1
snail, 1
snails, 2
snake, 1
snapped, 2
snapping, 2
snapshot, 1
snatched, 2
snatches, 1
sneer, 1
snigger, 1
snort, 1
snotgreen, 2
snotrag, 1
snout, 1
snow, 8
snowstormlandlord, 1
snuff, 3
snuffed, 1
snuffling, 1
snug, 2
snugly, 1
so, 7
sobbing, 1
sober, 3
social, 1
society, 2
socks, 1
soda, 1
sofa, 2
soft, 10
softened, 1
softer, 1
softly, 3
soggy, 1
soiled, 1
sojourning, 1
sold, 1
soldier, 1
sole, 7
solemn, 1
solemnised, 1
solemnly, 5
soles, 1
solicited, 1
solicitor, 1
solicitude, 1
solid, 1
solitary, 1
solitude, 2
solitudes, 1
solo, 1
solved, 2
sombre, 1
some, 121
somebody, 4
somehow, 5
someone, 8
something, 41
somethings, 1
sometimes, 8
somewhat, 5
somewhere, 3
somewherecome, 1
son, 2
song, 3
sons, 2
soon, 31
sooner, 3
sooty, 1
sore, 2
sorrow, 2
sorrowful, 1
sorrows, 4
sorry, 5
sort, 28
sorted, 1
sorts, 2
soughing, 1
sought, 6
soul, 23
souls, 2
soulsubduing, 1
sound, 21
sounded, 4
sounds, 4
soup, 1
south, 6
southern, 2
southerner, 1
southward, 1
southwestern, 1
southwherever, 1
sovereign, 5
sovereigns, 4
sow, 1
space, 7
spake, 1
spangles, 1
spar, 2
spare, 8
spark, 3
sparkled, 2
spaulding, 8
speak, 16
speake, 2
speaker, 1
speaking, 5
speaks, 3
spear, 1
spears, 1
spearspikes, 1
spec, 1
specialist, 1
species, 1
specimen, 1
specimens, 1
spectacle, 1
spectacles, 4
spectators, 1
spectre, 6
spectres, 2
speech, 3
speed, 1
speedily, 1
speeds, 1
spell, 1
spend, 5
spending, 1
spent, 4
sphere, 1
spies, 1
spiffing, 1
spile, 1
spiles, 1
spilling, 1
spindle, 1
spineless, 1
spinning, 1
spinster, 1
spirit, 18
spirits, 12
spiritus, 1
spite, 2
spits, 1
splash, 1
spleen, 1
splendid, 4
splendor, 1
splendour, 1
spliced, 1
splinterbar, 1
split, 1
spoil, 1
spoke, 18
spoken, 7
spool, 1
spoon, 1
spooncase, 1
spoonful, 1
spooning, 1
sportsman, 1
spose, 1
spot, 5
spots, 1
spotsay, 1
spouter, 2
spouterinn, 2
spraining, 1
sprang, 8
sprawling, 2
spray, 1
spread, 5
sprigs, 1
spring, 3
springing, 1
springlinewhatre, 1
springs, 1
sprung, 1
spunk, 1
spur, 4
spurned, 1
spurning, 1
spurs, 1
square, 13
squares, 6
squashed, 2
squeaking, 1
squealing, 1
squeezing, 1
squire, 1
squirting, 1
squitchy, 1
stabboard, 3
staff, 1
staffcommander, 1
stage, 3
stagecoach, 1
stageha, 1
staggered, 2
stagnant, 1
stain, 2
stained, 2
staining, 1
stains, 1
stair, 1
staircase, 5
stairhead, 3
stairs, 9
stairway, 3
stake, 3
stale, 1
stalls, 1
stammering, 1
stamp, 1
stamped, 2
stamping, 2
stand, 7
standing, 9
standmiles, 1
stands, 4
star, 1
starboard, 1
stare, 2
stared, 6
staring, 3
stark, 1
starry, 1
stars, 3
start, 1
started, 15
starting, 3
startled, 2
startling, 1
stash, 1
state, 11
stately, 3
statement, 2
states, 1
station, 4
stature, 2
stave, 2
stay, 8
stayathome, 1
stayed, 2
staying, 1
stays, 1
steadily, 1
steady, 2
steaks, 1
steal, 3
stealeth, 1
stealing, 1
stealthy, 1
steamboat, 2
steamer, 1
steaming, 1
steeeeeeeeeeeephen, 1
steel, 5
step, 9
stephen, 123
stephens, 13
stepped, 9
stepping, 2
steps, 15
sternly, 6
stethoscope, 1
stew, 1
stick, 11
sticking, 3
stickingplaster, 1
stickingplasters, 1
sticks, 3
stiff, 7
stiffened, 2
still, 65
stillness, 1
sting, 1
stinking, 1
stirred, 2
stirring, 2
stock, 3
stoics, 1
stolen, 2
stolewise, 1
stomach, 3
stone, 11
stones, 5
stony, 3
stood, 39
stool, 1
stooped, 2
stooping, 1
stop, 20
stopped, 13
stopper, 1
stopping, 1
stores, 1
storied, 1
stories, 2
storm, 1
story, 15
storyto, 1
stout, 2
stoutbuilt, 1
stove, 2
stovelids, 1
stowing, 1
straggling, 1
straight, 10
straightened, 1
strain, 2
strained, 1
straitened, 1
strand, 1
stranded, 2
strange, 18
strangeness, 1
stranger, 19
strangers, 2
strangest, 1
strangling, 1
strapped, 1
strapping, 1
strategy, 1
straw, 2
streak, 2
stream, 6
streamed, 1
street, 46
streets, 13
strength, 3
strengthen, 1
strenuous, 1
stresses, 1
stretch, 3
stretched, 6
strict, 2
strife, 1
strike, 3
strikes, 2
striking, 3
string, 3
stripe, 1
stripped, 1
striving, 2
strode, 2
stroke, 1
strokes, 2
stroking, 1
stroll, 1
strolled, 1
strong, 17
stronghold, 1
strongly, 3
strongroom, 1
strove, 1
struck, 9
struggle, 2
struggled, 3
struggler, 1
struggling, 2
strung, 1
stuart, 1
stubborn, 2
stubbornness, 1
stuck, 5
student, 1
studies, 1
studious, 1
study, 10
stuffed, 2
stumble, 1
stumbled, 1
stump, 2
stupid, 1
stupidity, 1
sturdily, 1
style, 1
subduing, 1
subject, 7
subjective, 1
sublimity, 1
subordinates, 1
subsistence, 1
substantial, 2
substitute, 1
substituted, 1
substitution, 1
subtle, 2
suburban, 2
succeed, 2
succeeded, 3
success, 8
successful, 3
successfully, 1
successive, 1
succinct, 1
such, 70
suck, 1
sudden, 5
suddenly, 18
suffer, 6
sufferable, 1
suffered, 4
sufferer, 1
suffering, 4
sufferings, 1
suffice, 1
sufficed, 1
sufficient, 4
sufficiently, 1
sugar, 6
sugarbowla, 1
suggest, 2
suggested, 3
suggestive, 1
suit, 6
suitable, 1
suite, 1
suited, 3
suits, 2
sulk, 1
sulked, 1
sullen, 1
sullenly, 1
sumatra, 1
summer, 8
summoned, 1
summons, 1
sums, 1
sun, 1
sunbeam, 2
sunday, 3
sundayyou, 1
sunk, 2
sunlight, 2
sunny, 2
sunrise, 1
suns, 1
sunset, 1
sunshine, 3
superb, 1
supermen, 1
supernatural, 2
supernaturally, 1
superscribed, 1
supper, 5
supperat, 1
supperll, 1
supperyou, 1
suppliant, 1
supplied, 1
supplies, 1
support, 5
suppose, 12
supposed, 2
supposing, 1
suppress, 2
sure, 25
surely, 7
surf, 1
surface, 1
surgeon, 1
surgeons, 1
surpassing, 1
surpliced, 1
surplus, 1
surprise, 9
surprised, 3
surprising, 2
surround, 3
surrounded, 4
surrounding, 1
surrounds, 1
surveillance, 1
surveyed, 5
surveying, 1
surviving, 1
susceptible, 1
suspect, 1
suspected, 2
suspicion, 2
suspicious, 6
sustain, 3
sustained, 2
sustenance, 1
sutherland, 1
swaddling, 1
swain, 1
swallow, 2
swallowed, 2
swallowing, 2
swam, 1
swang, 2
swarm, 1
swarmed, 1
swarthy, 1
sway, 1
swayed, 2
sweated, 1
sweep, 2
sweeping, 2
sweet, 7
sweetened, 2
sweetness, 4
sweettoned, 1
swelling, 1
swells, 1
swept, 3
swift, 1
swiftly, 5
swim, 1
swindle, 1
swine, 1
swing, 5
swinging, 3
swishing, 1
switch, 3
swollen, 1
swoon, 1
sword, 2
swordfish, 1
swordfishthis, 1
swore, 1
swung, 3
syllable, 1
symbol, 4
symbols, 4
sympathetic, 1
sympathise, 1
sympathy, 9
symptom, 1
symptoms, 1
syndics, 1
system, 2
systematic, 1
table, 30
tablecloth, 2
tacitly, 1
tack, 1
tacking, 1
tackle, 1
tadpoles, 1
tags, 2
tail, 3
tailor, 1
tailors, 1
tails, 1
take, 36
taken, 9
takes, 5
taking, 15
talbot, 5
tale, 6
talent, 1
tales, 1
talk, 6
talking, 7
talks, 2
tall, 5
tallest, 1
tallow, 2
tamer, 1
tangled, 3
tank, 3
tanning, 2
tap, 1
tapered, 1
tapped, 1
tapping, 1
tarentum, 1
tarpot, 1
tarry, 1
tartan, 1
task, 5
tasselled, 1
tassels, 2
taste, 4
tastes, 1
tatters, 1
tattoo, 1
tattooed, 2
tattooing, 1
tattooings, 1
tavern, 1
taw, 1
tea, 6
teach, 1
teacher, 2
teams, 1
teapot, 1
tear, 1
tearing, 1
tears, 7
tease, 1
teazle, 1
teeth, 13
teethgnashing, 1
telegraph, 2
telescopes, 1
tell, 49
tellee, 1
tellin, 1
telling, 7
temper, 1
temperament, 1
temperance, 1
temperature, 1
tempestuous, 3
temple, 7
temporarily, 1
temporary, 2
temptation, 1
ten, 6
tenacious, 1
tend, 3
tender, 2
tenderly, 1
tenderness, 2
tending, 1
tennessee, 1
tennis, 1
tenpin, 1
tenpins, 1
tension, 1
tenth, 1
tepid, 1
terminated, 1
terms, 2
terrene, 1
terrible, 3
terrified, 1
terror, 2
terrors, 1
testament, 1
testify, 1
testimonies, 1
text, 3
textile, 1
texture, 2
thalatta, 2
than, 97
thank, 10
thankee, 1
thanking, 2
thanks, 5
thankyou, 1
that, 813
thatas, 1
thatcher, 1
thatll, 4
thats, 21
thaw, 1
the, 52
their, 130
theirs, 2
them, 133
themleagues, 1
themone, 1
themselves, 7
then, 184
thence, 3
theological, 1
theoretical, 1
theories, 2
theorise, 1
theory, 2
there, 226
thereby, 1
therecriticised, 1
therefor, 1
therefore, 7
theres, 19
these, 66
they, 190
theyre, 1
thick, 10
thickened, 1
thickly, 3
thickplotting, 1
thief, 1
thieves, 1
thimbleand, 1
thimbleriggers, 1
thin, 9
thing, 30
thingno, 1
things, 20
think, 52
thinking, 8
thinks, 12
third, 6
thirst, 2
thirstily, 2
thirty, 6
this, 288
thither, 2
thomas, 3
thong, 1
thoroughfare, 1
thoroughly, 2
those, 39
thou, 3
though, 44
thoughand, 1
thought, 69
thoughtful, 2
thoughtfully, 1
thoughts, 9
thousand, 6
thousands, 6
thrash, 1
thread, 4
threadbare, 2
threaded, 1
threat, 1
threatened, 1
threatening, 1
threatens, 1
three, 42
threefourths, 1
threes, 1
threshold, 2
threw, 8
thrice, 1
throat, 3
through, 69
throughits, 1
throw, 9
throwing, 6
thrown, 2
throws, 1
thrust, 4
thrusting, 2
thud, 1
thumb, 2
thumbnail, 2
thump, 3
thumped, 1
thunder, 1
thursday, 3
thus, 11
ticking, 1
tickled, 1
tide, 3
tidiest, 1
tidings, 1
tie, 1
tied, 1
ties, 1
tigerlilieswhat, 1
tight, 1
tightfisted, 1
tightly, 1
tights, 1
tile, 1
tiles, 1
till, 20
tilly, 1
tilted, 1
time, 115
timejust, 1
timeof, 1
times, 14
timetables, 1
tinderbox, 1
tingalingling, 7
tingling, 1
tinkling, 2
tint, 2
tips, 1
tired, 1
tis, 1
tisnt, 1
tissue, 1
title, 2
titles, 1
tittering, 1
to, 2
toadstool, 1
toast, 1
toasting, 1
tobacco, 4
tobacconist, 1
today, 10
toe, 2
toes, 1
together, 20
toils, 2
told, 23
tole, 2
tolerably, 1
tolerant, 1
tolls, 1
tom, 18
toma, 1
tomahawk, 8
tomato, 1
tomb, 1
tomorrow, 9
tomorrows, 2
toms, 10
tone, 4
tongue, 4
tongues, 1
tonight, 13
tonights, 1
too, 18
took, 48
tooperhaps, 1
toothless, 2
toothpick, 2
toowell, 1
toowho, 1
topboots, 3
topers, 1
tophat, 2
tophet, 1
topmost, 1
toppling, 1
tops, 1
tore, 5
torment, 2
tormented, 2
tormenting, 1
torn, 1
torture, 1
tortured, 1
tory, 1
toss, 1
tossed, 4
total, 1
totheri, 1
touch, 8
touched, 3
touches, 1
touching, 1
tour, 1
tout, 1
toward, 6
towards, 47
towel, 1
tower, 10
towering, 1
town, 13
townbut, 1
toys, 2
tracing, 1
track, 3
trade, 3
traded, 1
trades, 1
tradesman, 1
trading, 1
traffic, 1
tragedies, 1
tragedy, 1
tragically, 1
trailing, 1
train, 11
trained, 2
trainees, 1
trains, 1
traitor, 1
tramped, 2
tramping, 1
trampled, 2
tranced, 1
tranquil, 2
tranquility, 1
tranquillise, 1
tranquillity, 1
tranquilly, 1
transferred, 1
transformed, 1
transition, 1
translated, 1
transmit, 1
transparent, 3
trap, 3
trapped, 1
trash, 1
travel, 4
travelled, 4
traveller, 4
travellers, 2
travelling, 9
traverse, 1
traversed, 1
tray, 2
treachery, 1
tread, 2
treadmill, 2
treasure, 4
treat, 1
treated, 2
treebox, 1
trees, 2
trembled, 1
trembling, 5
tremulous, 1
trepoff, 1
trespass, 1
trial, 2
trials, 1
tribulations, 1
tribute, 1
trick, 4
trickle, 2
trickled, 1
tricks, 2
tried, 16
trifle, 2
trifling, 2
trimmed, 1
trimming, 1
trincomalee, 1
trip, 2
tripes, 1
tripping, 2
tritely, 1
triumph, 3
triumphant, 1
trod, 1
trooped, 1
tropical, 1
trouble, 8
troubled, 3
troubles, 2
troublesome, 1
trouser, 2
trousers, 7
troy, 1
truck, 1
true, 15
truest, 1
truly, 3
trunk, 4
trunks, 1
trust, 7
trusted, 2
trustees, 2
truth, 5
try, 4
trying, 10
tucked, 1
tufted, 1
tugged, 3
tumble, 1
tumbled, 1
tumblers, 1
tumbling, 1
tune, 1
tunes, 1
tunnel, 2
turban, 1
turk, 1
turko, 1
turma, 2
turn, 24
turned, 46
turner, 1
turning, 15
turnover, 1
turns, 3
tutored, 1
twain, 1
tweaked, 1
tweedsuited, 1
twelfth, 1
twelve, 8
twentieth, 1
twenty, 8
twentyeight, 1
twentyfifth, 1
twentyfive, 1
twentyone, 1
twice, 13
twig, 1
twining, 2
twinkled, 1
twinkling, 2
twist, 1
twisted, 2
twitch, 1
twitched, 1
two, 6
twopence, 5
twos, 2
twostoried, 1
tying, 1
typewriter, 1
tyranny, 2
tyrants, 1
tyre, 1
ugly, 1
ulster, 4
umf, 1
unable, 6
unaccountable, 4
unacquainted, 2
unallied, 1
unalloyed, 1
unam, 1
unavailing, 1
unbearable, 2
unbelief, 1
unbending, 1
unbiased, 1
unbind, 1
unbutton, 1
unbuttoned, 1
unceremoniously, 1
uncertain, 1
uncertainly, 2
uncle, 13
unclean, 2
unclear, 1
unclipped, 1
uncombed, 1
uncomfortable, 5
uncomfortableness, 1
uncommon, 1
uncommonly, 1
uncongenial, 1
unconsciously, 1
uncontrollable, 2
uncourteous, 1
uncouth, 1
uncovered, 1
undated, 1
undeliverable, 1
under, 41
underdone, 1
underfoot, 2
undergoing, 2
undergone, 1
underground, 1
underjaw, 1
underlip, 2
undermate, 1
underneaththe, 1
understand, 21
understanding, 3
understood, 3
undertaker, 1
undertaking, 5
underworld, 1
undigested, 1
undiscovered, 2
undisturbed, 2
undo, 1
undoubted, 1
undoubtedly, 1
undress, 1
undressed, 2
undressing, 3
uneager, 1
unearthly, 1
uneasy, 1
uneducated, 1
unemployed, 1
unequal, 1
unequalled, 1
unexpected, 1
unexplored, 1
unfair, 1
unfairly, 1
unfashioned, 1
unfeigned, 1
unfolded, 1
unfortunate, 2
unfortunately, 4
ungirdled, 2
ungraspable, 1
unhallowed, 1
unhappy, 3
unhating, 1
unheard, 1
uniform, 1
unimaginable, 1
union, 5
unique, 3
unite, 2
united, 2
universal, 1
universe, 1
unkind, 1
unknown, 5
unlace, 1
unlacing, 1
unless, 5
unlike, 1
unlikely, 1
unlock, 1
unmarried, 1
unnatural, 2
unnecessary, 1
unobserved, 1
unoccupied, 1
unoffending, 1
unpack, 1
unparalleled, 2
unpleasant, 1
unpleasantness, 1
unqualified, 1
unreadiness, 1
unsaid, 1
unsatisfactory, 1
unsay, 1
unsoftened, 1
unspeakable, 1
unsteady, 2
unsure, 1
untamed, 1
unthinking, 1
untidiness, 1
until, 27
untimely, 1
unto, 1
untonsured, 1
untrue, 1
unusual, 2
unvisited, 1
unwarrantable, 1
unwarranted, 1
unwell, 2
unwhitewashed, 1
unworthiness, 1
unwound, 1
up, 1
upanishads, 1
upbraid, 1
upended, 1
uplifted, 1
upon, 152
upper, 3
upright, 7
uproar, 2
upset, 2
upstairs, 2
upwardcurving, 1
urbane, 1
urge, 1
ursula, 1
us, 4
usa, 1
use, 3
used, 11
useful, 3
usefulness, 1
useless, 4
uses, 1
ushered, 1
using, 4
usual, 8
usually, 4
usurper, 1
utmost, 2
utterance, 1
utterly, 1
vacancies, 2
vacancy, 7
vagrants, 1
vague, 3
vaguely, 1
vain, 4
vale, 1
valentine, 1
valise, 1
valley, 1
valuable, 2
value, 3
valued, 1
values, 1
vanished, 6
vanishing, 1
vanity, 1
vapour, 1
varied, 2
variety, 1
various, 4
vary, 1
vast, 5
vastness, 1
vault, 2
veering, 1
vegetarian, 1
vegetation, 1
vehicle, 1
veil, 1
veiling, 1
veins, 2
velvet, 1
veneration, 1
ventilation, 1
venture, 1
ventured, 1
ventures, 1
verbs, 1
verge, 1
vermin, 2
verse, 1
verses, 1
version, 1
very, 135
vessel, 8
veterinary, 1
vexation, 1
vexed, 1
vias, 1
vibrate, 1
vibration, 1
vibrations, 1
vice, 1
vicinity, 1
vicious, 1
vico, 1
victim, 2
victortomorrow, 1
victory, 2
view, 4
viewed, 1
viewer, 1
vigilant, 1
vigor, 1
vigorously, 3
vigour, 2
vile, 3
villa, 2
village, 6
villanous, 1
vincent, 5
vines, 1
violate, 1
violence, 1
violent, 1
violinland, 1
virginia, 1
virginum, 2
virtue, 2
virtues, 1
virtuous, 1
virus, 1
visible, 3
vision, 1
visions, 3
visit, 7
visited, 3
visitor, 9
visitors, 1
visits, 3
vital, 1
vitals, 1
vivid, 2
vizard, 1
voice, 52
voices, 9
void, 1
volume, 2
volumes, 1
voluntarily, 1
vomiting, 1
voted, 2
vouching, 1
voyage, 16
voyages, 4
vulgar, 2
vulnerable, 1
vying, 1
wade, 1
wafted, 1
wage, 1
wages, 5
waggish, 1
wailing, 1
wailings, 1
wainscots, 1
waist, 1
waistcoat, 5
waistcoatpocket, 1
waisthigh, 1
wait, 17
waited, 3
waiting, 11
waits, 1
wake, 2
wakened, 1
waking, 1
wales, 1
walk, 11
walked, 24
walking, 4
walks, 2
wall, 11
wallenstein, 1
wallet, 1
walls, 3
walton, 3
wander, 2
wandered, 1
wanderer, 1
wanderers, 1
wandering, 3
want, 30
wanted, 19
wanting, 1
wantingwaterthere, 1
wants, 6
war, 2
warble, 1
ward, 1
wardrobe, 1
warehouse, 1
warehouses, 2
warily, 1
warm, 11
warmed, 1
warmer, 1
warmest, 1
warming, 1
warmly, 1
warmth, 5
warn, 1
warned, 1
warning, 5
warnings, 1
warnt, 4
warring, 1
warsaw, 1
warsawyes, 1
was, 25
wash, 2
washed, 2
washing, 2
washingstand, 1
washstand, 1
wasnt, 3
waste, 1
wasted, 2
watch, 11
watchchain, 2
watched, 6
watcher, 1
watchful, 3
watching, 9
water, 31
watered, 1
watergazers, 1
waterplug, 1
waters, 2
waterward, 2
watery, 3
watson, 16
waved, 4
waver, 1
wavering, 2
waves, 3
wavewhite, 1
waving, 3
way, 20
waycut, 1
wayeither, 1
wayhe, 1
waylaid, 2
ways, 7
weak, 6
weakened, 2
weakness, 1
wealth, 4
wealthy, 1
weapon, 2
weapons, 2
wear, 7
wearily, 1
wearing, 3
wears, 1
weary, 4
weather, 11
weave, 3
weaver, 1
wedded, 2
wedged, 1
wedlock, 1
weeds, 1
weedy, 1
week, 19
weekday, 1
weeks, 6
weep, 3
weeping, 2
weighed, 2
weight, 5
weird, 1
welcome, 2
welcomed, 1
welfare, 2
well, 112
wellawell, 1
welldressed, 1
wellfed, 1
wellknit, 1
wellknown, 2
wellnigh, 2
welloff, 1
wellremembered, 1
wellshaped, 1
weltering, 1
wended, 1
wending, 1
went, 59
wept, 1
were, 192
werestraw, 1
west, 4
westmeath, 1
westminsters, 1
wet, 1
wetted, 3
weve, 1
whack, 1
whale, 10
whalefishers, 1
whalefishing, 1
whaleman, 2
whalemen, 1
whaler, 1
whales, 5
whaling, 8
wharves, 1
what, 222
whatever, 11
whats, 14
whatsoever, 3
wheedling, 2
wheel, 2
wheeled, 1
wheels, 3
wheezing, 1
whelks, 1
when, 177
whence, 1
whenever, 8
where, 69
whereas, 1
whereby, 1
wherefore, 3
wheres, 2
wherever, 2
whether, 21
wheysour, 1
which, 241
while, 50
whileplenty, 1
whiles, 1
whims, 1
whinge, 1
whipping, 1
whirled, 1
whirlwinds, 1
whirring, 2
whisky, 2
whispered, 8
whispering, 1
whistle, 4
whistled, 1
whistles, 1
whistling, 1
whit, 1
white, 35
whitehall, 1
whitened, 1
whitewash, 8
whitewashed, 3
whitewashin, 1
whitewashing, 2
whitewashingpaid, 1
whither, 1
whittling, 2
whiz, 1
who, 11
whoe, 1
whoee, 1
whoever, 1
whole, 28
wholesome, 1
wholly, 4
whom, 26
whoop, 1
whorled, 1
whose, 18
whrrwhee, 1
why, 26
wide, 11
widened, 1
widower, 1
width, 1
wife, 8
wight, 1
wigs, 1
wild, 12
wilde, 2
wildly, 1
wildness, 1
wilhelm, 1
will, 147
william, 2
willing, 4
wilson, 20
wilsons, 2
wilted, 2
wind, 16
winding, 4
windingsheet, 1
window, 37
windows, 7
winds, 3
wine, 3
winemerchants, 2
winglike, 1
wings, 4
winked, 1
winking, 2
winners, 1
winning, 2
winter, 2
wintertime, 1
wintry, 1
wipe, 2
wiped, 3
wire, 1
wiry, 1
wisdom, 6
wise, 5
wisely, 1
wiser, 1
wish, 21
wished, 5
wishes, 3
wishing, 2
wisps, 1
wit, 1
witch, 1
with, 548
withal, 1
withand, 1
withdraw, 1
withdrawals, 1
withdrawn, 2
withdrew, 1
withered, 1
within, 22
without, 52
withoutwithin, 1
witness, 3
witnesses, 1
wits, 1
woeful, 1
woes, 2
woful, 2
woke, 2
wollstonecraft, 1
woman, 29
womanly, 1
womanoh, 1
womans, 5
women, 7
wonder, 7
wondered, 5
wonderful, 9
wonderfully, 1
wondering, 2
wonders, 2
wonderworld, 1
wondrous, 1
wont, 15
wood, 2
woodcock, 1
wooden, 6
woodlands, 1
woodshadows, 1
wooing, 1
woollen, 2
word, 25
words, 28
wordthe, 1
wore, 6
work, 46
worked, 7
worker, 1
workhouses, 1
working, 5
workman, 1
works, 1
workshy, 1
workthe, 1
workwouldnt, 1
world, 29
worldly, 4
worldoh, 1
worlds, 1
worm, 1
worn, 2
worried, 1
worries, 1
worry, 2
worse, 4
worship, 1
worshipped, 1
worst, 1
worsting, 1
worth, 4
worthy, 1
would, 200
wouldnt, 14
wound, 2
wounds, 1
woven, 3
wrapall, 1
wrapped, 3
wrapper, 2
wrapperhe, 1
wrath, 1
wreck, 3
wrecked, 1
wrenching, 2
wretched, 4
wretchedness, 1
wriggled, 1
wringing, 1
wrinkled, 6
wrist, 4
wrists, 1
write, 4
writer, 1
writerof, 1
writes, 2
writhing, 1
writing, 4
writings, 1
written, 6
wrong, 9
wronged, 1
wrote, 5
wrought, 1
wrung, 2
wyllie, 1
yard, 7
yards, 2
yarn, 1
yawn, 1
yawning, 1
ye, 2
yea, 1
year, 15
yearned, 1
yearning, 1
years, 43
yeast, 1
yelled, 1
yellow, 6
yes, 40
yesive, 1
yesm, 2
yesterday, 4
yet, 16
yield, 2
yielded, 1
yoking, 1
yonder, 2
you, 176
youcan, 1
youd, 8
youhe, 1
youll, 14
young, 26
younger, 3
your, 196
youre, 25
yours, 7
yourself, 27
yourselves, 2
youth, 5
youu, 1
youve, 1
youyou, 1
zarathustra, 1
zeal, 2
zealand, 3
zephyr, 1
zulus, 1
zut, 1
